Employee Name,Date,In-Time,Out-Time
John Smith,2024-01-01,10:35,18:42
John Smith,2024-01-02,10:22,18:33
John Smith,2024-01-03,10:37,18:40
John Smith,2024-01-04,10:29,18:20
John Smith,2024-01-05,10:43,18:06
John Smith,2024-01-06,10:00,14:00
John Smith,2024-01-07,,
John Smith,2024-01-08,10:33,18:16
John Smith,2024-01-09,10:39,18:42
John Smith,2024-01-10,10:21,18:41
John Smith,2024-01-11,10:11,18:13
John Smith,2024-01-12,10:44,18:23
John Smith,2024-01-13,,
John Smith,2024-01-14,,
John Smith,2024-01-15,10:34,18:04
John Smith,2024-01-16,10:16,18:35
John Smith,2024-01-17,10:21,18:20
John Smith,2024-01-18,10:26,18:40
John Smith,2024-01-19,10:44,18:26
John Smith,2024-01-20,,
John Smith,2024-01-21,,
John Smith,2024-01-22,10:21,18:00
John Smith,2024-01-23,10:08,18:21
John Smith,2024-01-24,10:25,18:23
John Smith,2024-01-25,,
John Smith,2024-01-26,10:27,18:32
John Smith,2024-01-27,,
John Smith,2024-01-28,,
John Smith,2024-01-29,10:33,18:21
John Smith,2024-01-30,10:39,18:21
John Smith,2024-01-31,10:44,18:02
John Smith,2024-02-01,10:22,18:36
John Smith,2024-02-02,,
John Smith,2024-02-03,,
John Smith,2024-02-04,,
John Smith,2024-02-05,10:28,18:22
John Smith,2024-02-06,10:01,18:11
John Smith,2024-02-07,10:35,18:28
John Smith,2024-02-08,10:44,18:34
John Smith,2024-02-09,10:14,18:01
John Smith,2024-02-10,10:00,14:00
John Smith,2024-02-11,,
John Smith,2024-02-12,10:34,17:44
John Smith,2024-02-13,10:16,18:22
John Smith,2024-02-14,10:11,18:06
John Smith,2024-02-15,10:11,18:17
John Smith,2024-02-16,10:14,18:35
John Smith,2024-02-17,,
John Smith,2024-02-18,,
John Smith,2024-02-19,10:19,17:32
John Smith,2024-02-20,10:08,18:31
John Smith,2024-02-21,10:44,18:18
John Smith,2024-02-22,10:24,18:39
John Smith,2024-02-23,10:44,18:02
John Smith,2024-02-24,10:00,14:00
John Smith,2024-02-25,,
John Smith,2024-02-26,10:44,18:36
John Smith,2024-02-27,10:41,18:06
John Smith,2024-02-28,10:34,18:25
John Smith,2024-02-29,10:24,18:31
John Smith,2024-03-01,10:06,18:04
John Smith,2024-03-02,,
John Smith,2024-03-03,,
John Smith,2024-03-04,10:14,18:14
John Smith,2024-03-05,10:04,17:40
John Smith,2024-03-06,10:11,18:22
John Smith,2024-03-07,10:43,18:34
John Smith,2024-03-08,10:26,18:42
John Smith,2024-03-09,,
John Smith,2024-03-10,,
John Smith,2024-03-11,10:02,18:16
John Smith,2024-03-12,10:10,18:38
John Smith,2024-03-13,10:15,18:11
John Smith,2024-03-14,10:12,18:43
John Smith,2024-03-15,10:35,19:20
John Smith,2024-03-16,,
John Smith,2024-03-17,,
John Smith,2024-03-18,10:13,18:37
John Smith,2024-03-19,10:36,18:17
John Smith,2024-03-20,10:23,18:11
John Smith,2024-03-21,,
John Smith,2024-03-22,10:18,18:09
John Smith,2024-03-23,10:00,14:00
John Smith,2024-03-24,,
John Smith,2024-03-25,10:42,18:03
John Smith,2024-03-26,10:29,18:08
John Smith,2024-03-27,10:44,19:17
John Smith,2024-03-28,10:27,18:03
John Smith,2024-03-29,10:00,18:02
John Smith,2024-03-30,10:00,14:00
John Smith,2024-03-31,,
John Smith,2024-04-01,10:02,19:25
John Smith,2024-04-02,10:30,18:32
John Smith,2024-04-03,10:10,18:00
John Smith,2024-04-04,10:38,18:24
John Smith,2024-04-05,10:38,18:21
John Smith,2024-04-06,10:00,14:00
John Smith,2024-04-07,,
John Smith,2024-04-08,10:31,19:21
John Smith,2024-04-09,10:19,18:44
John Smith,2024-04-10,10:37,18:21
John Smith,2024-04-11,10:08,18:17
John Smith,2024-04-12,10:39,18:35
John Smith,2024-04-13,10:00,14:00
John Smith,2024-04-14,,
John Smith,2024-04-15,10:43,18:26
John Smith,2024-04-16,10:33,18:17
John Smith,2024-04-17,10:33,18:07
John Smith,2024-04-18,,
John Smith,2024-04-19,10:18,18:06
John Smith,2024-04-20,,
John Smith,2024-04-21,,
John Smith,2024-04-22,10:39,18:20
John Smith,2024-04-23,,
John Smith,2024-04-24,10:12,18:06
John Smith,2024-04-25,10:07,18:05
John Smith,2024-04-26,10:12,18:39
John Smith,2024-04-27,10:00,14:00
John Smith,2024-04-28,,
John Smith,2024-04-29,10:37,18:12
John Smith,2024-04-30,10:01,18:23
John Smith,2024-05-01,10:40,18:06
John Smith,2024-05-02,10:24,18:03
John Smith,2024-05-03,,
John Smith,2024-05-04,10:00,14:00
John Smith,2024-05-05,,
John Smith,2024-05-06,10:29,18:04
John Smith,2024-05-07,10:23,18:23
John Smith,2024-05-08,10:44,18:04
John Smith,2024-05-09,10:10,18:26
John Smith,2024-05-10,10:02,18:20
John Smith,2024-05-11,,
John Smith,2024-05-12,,
John Smith,2024-05-13,10:39,18:22
John Smith,2024-05-14,10:05,17:54
John Smith,2024-05-15,10:27,18:24
John Smith,2024-05-16,10:13,18:42
John Smith,2024-05-17,10:34,19:12
John Smith,2024-05-18,,
John Smith,2024-05-19,,
John Smith,2024-05-20,10:25,18:08
John Smith,2024-05-21,10:39,18:18
John Smith,2024-05-22,10:07,18:17
John Smith,2024-05-23,10:15,18:03
John Smith,2024-05-24,10:01,18:32
John Smith,2024-05-25,,
John Smith,2024-05-26,,
John Smith,2024-05-27,10:30,18:16
John Smith,2024-05-28,10:35,18:21
John Smith,2024-05-29,10:38,18:31
John Smith,2024-05-30,10:18,18:15
John Smith,2024-05-31,10:03,18:18
John Smith,2024-06-01,,
John Smith,2024-06-02,,
John Smith,2024-06-03,10:29,18:23
John Smith,2024-06-04,10:26,18:07
John Smith,2024-06-05,10:06,18:02
John Smith,2024-06-06,10:29,18:31
John Smith,2024-06-07,10:41,18:12
John Smith,2024-06-08,,
John Smith,2024-06-09,,
John Smith,2024-06-10,10:32,18:40
John Smith,2024-06-11,10:27,18:02
John Smith,2024-06-12,10:18,18:24
John Smith,2024-06-13,10:10,18:17
John Smith,2024-06-14,10:13,18:00
John Smith,2024-06-15,,
John Smith,2024-06-16,,
John Smith,2024-06-17,10:01,18:02
John Smith,2024-06-18,10:14,18:12
John Smith,2024-06-19,10:23,17:54
John Smith,2024-06-20,10:37,18:38
John Smith,2024-06-21,10:32,18:10
John Smith,2024-06-22,10:00,14:00
John Smith,2024-06-23,,
John Smith,2024-06-24,10:44,17:47
John Smith,2024-06-25,10:12,18:39
John Smith,2024-06-26,,
John Smith,2024-06-27,10:32,18:01
John Smith,2024-06-28,10:36,18:29
John Smith,2024-06-29,10:00,14:00
John Smith,2024-06-30,,
John Smith,2024-07-01,10:28,18:11
John Smith,2024-07-02,10:14,18:16
John Smith,2024-07-03,10:35,18:05
John Smith,2024-07-04,10:39,18:19
John Smith,2024-07-05,10:28,17:48
John Smith,2024-07-06,,
John Smith,2024-07-07,,
John Smith,2024-07-08,10:34,18:28
John Smith,2024-07-09,10:06,18:07
John Smith,2024-07-10,10:43,18:42
John Smith,2024-07-11,,
John Smith,2024-07-12,10:02,18:08
John Smith,2024-07-13,,
John Smith,2024-07-14,,
John Smith,2024-07-15,10:30,18:14
John Smith,2024-07-16,10:17,18:31
John Smith,2024-07-17,10:25,18:32
John Smith,2024-07-18,10:37,18:41
John Smith,2024-07-19,10:09,18:05
John Smith,2024-07-20,,
John Smith,2024-07-21,,
John Smith,2024-07-22,10:16,18:19
John Smith,2024-07-23,10:37,18:26
John Smith,2024-07-24,10:24,18:15
John Smith,2024-07-25,10:35,18:07
John Smith,2024-07-26,10:38,18:17
John Smith,2024-07-27,,
John Smith,2024-07-28,,
John Smith,2024-07-29,10:35,18:10
John Smith,2024-07-30,10:32,18:14
John Smith,2024-07-31,10:01,18:28
John Smith,2024-08-01,10:12,18:03
John Smith,2024-08-02,10:42,18:34
John Smith,2024-08-03,10:00,14:00
John Smith,2024-08-04,,
John Smith,2024-08-05,10:37,17:55
John Smith,2024-08-06,10:43,18:21
John Smith,2024-08-07,10:35,18:32
John Smith,2024-08-08,10:20,18:18
John Smith,2024-08-09,10:00,18:10
John Smith,2024-08-10,,
John Smith,2024-08-11,,
John Smith,2024-08-12,10:44,18:20
John Smith,2024-08-13,10:22,18:10
John Smith,2024-08-14,10:44,19:14
John Smith,2024-08-15,10:23,18:10
John Smith,2024-08-16,10:30,18:10
John Smith,2024-08-17,,
John Smith,2024-08-18,,
John Smith,2024-08-19,,
John Smith,2024-08-20,10:15,18:02
John Smith,2024-08-21,10:18,18:05
John Smith,2024-08-22,10:38,18:21
John Smith,2024-08-23,10:33,18:35
John Smith,2024-08-24,10:00,14:00
John Smith,2024-08-25,,
John Smith,2024-08-26,10:06,18:43
John Smith,2024-08-27,10:27,18:36
John Smith,2024-08-28,10:01,18:11
John Smith,2024-08-29,10:19,18:25
John Smith,2024-08-30,,
John Smith,2024-08-31,,
John Smith,2024-09-01,,
John Smith,2024-09-02,10:21,18:39
John Smith,2024-09-03,10:27,18:44
John Smith,2024-09-04,10:23,18:07
John Smith,2024-09-05,10:37,18:00
John Smith,2024-09-06,10:43,18:33
John Smith,2024-09-07,,
John Smith,2024-09-08,,
John Smith,2024-09-09,10:03,18:23
John Smith,2024-09-10,10:01,18:15
John Smith,2024-09-11,10:04,18:24
John Smith,2024-09-12,10:16,18:03
John Smith,2024-09-13,10:41,18:32
John Smith,2024-09-14,10:00,14:00
John Smith,2024-09-15,,
John Smith,2024-09-16,10:19,18:44
John Smith,2024-09-17,10:23,18:16
John Smith,2024-09-18,10:35,18:03
John Smith,2024-09-19,,
John Smith,2024-09-20,10:27,18:01
John Smith,2024-09-21,,
John Smith,2024-09-22,,
John Smith,2024-09-23,10:30,18:35
John Smith,2024-09-24,10:17,17:51
John Smith,2024-09-25,10:35,18:04
John Smith,2024-09-26,10:01,18:03
John Smith,2024-09-27,10:39,18:35
John Smith,2024-09-28,,
John Smith,2024-09-29,,
John Smith,2024-09-30,10:28,18:01
John Smith,2024-10-01,10:29,18:37
John Smith,2024-10-02,10:32,18:29
John Smith,2024-10-03,10:40,18:07
John Smith,2024-10-04,10:32,18:27
John Smith,2024-10-05,,
John Smith,2024-10-06,,
John Smith,2024-10-07,10:01,18:18
John Smith,2024-10-08,10:24,19:20
John Smith,2024-10-09,10:03,18:13
John Smith,2024-10-10,10:13,18:41
John Smith,2024-10-11,10:09,18:08
John Smith,2024-10-12,10:00,14:00
John Smith,2024-10-13,,
John Smith,2024-10-14,10:20,18:11
John Smith,2024-10-15,10:17,18:25
John Smith,2024-10-16,10:11,18:13
John Smith,2024-10-17,10:43,18:42
John Smith,2024-10-18,10:32,18:00
John Smith,2024-10-19,,
John Smith,2024-10-20,,
John Smith,2024-10-21,10:28,18:20
John Smith,2024-10-22,10:30,18:39
John Smith,2024-10-23,10:39,18:21
John Smith,2024-10-24,10:24,18:15
John Smith,2024-10-25,10:34,18:19
John Smith,2024-10-26,10:00,14:00
John Smith,2024-10-27,,
John Smith,2024-10-28,10:15,18:06
John Smith,2024-10-29,10:17,18:22
John Smith,2024-10-30,10:36,18:08
John Smith,2024-10-31,10:23,18:11
John Smith,2024-11-01,10:08,18:22
John Smith,2024-11-02,,
John Smith,2024-11-03,,
John Smith,2024-11-04,10:42,18:37
John Smith,2024-11-05,10:03,18:14
John Smith,2024-11-06,10:20,18:40
John Smith,2024-11-07,10:26,18:26
John Smith,2024-11-08,10:40,18:31
John Smith,2024-11-09,,
John Smith,2024-11-10,,
John Smith,2024-11-11,10:23,18:41
John Smith,2024-11-12,10:30,17:30
John Smith,2024-11-13,10:09,18:18
John Smith,2024-11-14,10:23,18:20
John Smith,2024-11-15,10:26,18:38
John Smith,2024-11-16,10:00,14:00
John Smith,2024-11-17,,
John Smith,2024-11-18,10:33,18:35
John Smith,2024-11-19,10:39,18:31
John Smith,2024-11-20,10:38,19:14
John Smith,2024-11-21,10:16,18:31
John Smith,2024-11-22,10:13,19:28
John Smith,2024-11-23,,
John Smith,2024-11-24,,
John Smith,2024-11-25,10:06,18:07
John Smith,2024-11-26,10:17,18:12
John Smith,2024-11-27,10:27,18:41
John Smith,2024-11-28,10:01,18:31
John Smith,2024-11-29,10:40,18:33
John Smith,2024-11-30,10:00,14:00
John Smith,2024-12-01,,
John Smith,2024-12-02,10:22,18:33
John Smith,2024-12-03,10:18,18:13
John Smith,2024-12-04,10:33,18:39
John Smith,2024-12-05,10:25,17:59
John Smith,2024-12-06,10:09,18:40
John Smith,2024-12-07,10:00,14:00
John Smith,2024-12-08,,
John Smith,2024-12-09,10:12,18:23
John Smith,2024-12-10,10:11,18:39
John Smith,2024-12-11,10:21,18:25
John Smith,2024-12-12,10:21,18:22
John Smith,2024-12-13,10:05,18:13
John Smith,2024-12-14,,
John Smith,2024-12-15,,
John Smith,2024-12-16,10:12,18:43
John Smith,2024-12-17,10:23,18:37
John Smith,2024-12-18,10:17,18:03
John Smith,2024-12-19,10:35,18:39
John Smith,2024-12-20,10:40,18:37
John Smith,2024-12-21,10:00,14:00
John Smith,2024-12-22,,
John Smith,2024-12-23,10:43,18:19
John Smith,2024-12-24,10:39,18:39
John Smith,2024-12-25,10:37,18:21
John Smith,2024-12-26,10:39,18:01
John Smith,2024-12-27,10:00,19:15
John Smith,2024-12-28,10:00,14:00
John Smith,2024-12-29,,
John Smith,2024-12-30,10:39,18:33
John Smith,2024-12-31,10:13,18:27
John Smith,2025-01-01,10:31,17:38
John Smith,2025-01-02,10:31,18:42
John Smith,2025-01-03,10:21,18:35
John Smith,2025-01-04,10:00,14:00
John Smith,2025-01-05,,
John Smith,2025-01-06,10:01,18:16
John Smith,2025-01-07,10:43,18:42
John Smith,2025-01-08,10:11,19:21
John Smith,2025-01-09,10:39,18:39
John Smith,2025-01-10,10:02,18:21
John Smith,2025-01-11,10:00,14:00
John Smith,2025-01-12,,
John Smith,2025-01-13,10:00,18:38
John Smith,2025-01-14,10:23,18:15
John Smith,2025-01-15,10:37,18:22
John Smith,2025-01-16,10:08,18:16
John Smith,2025-01-17,10:26,17:31
John Smith,2025-01-18,,
John Smith,2025-01-19,,
John Smith,2025-01-20,10:37,18:09
John Smith,2025-01-21,10:21,18:31
John Smith,2025-01-22,10:31,18:26
John Smith,2025-01-23,10:23,18:43
John Smith,2025-01-24,10:09,18:39
John Smith,2025-01-25,,
John Smith,2025-01-26,,
John Smith,2025-01-27,10:25,18:08
John Smith,2025-01-28,,
John Smith,2025-01-29,10:13,18:22
John Smith,2025-01-30,10:06,18:15
John Smith,2025-01-31,10:31,17:51
John Smith,2025-02-01,10:00,14:00
John Smith,2025-02-02,,
John Smith,2025-02-03,10:00,18:27
John Smith,2025-02-04,10:33,18:42
John Smith,2025-02-05,10:17,18:44
John Smith,2025-02-06,10:10,18:27
John Smith,2025-02-07,10:44,18:23
John Smith,2025-02-08,,
John Smith,2025-02-09,,
John Smith,2025-02-10,10:43,18:25
John Smith,2025-02-11,10:24,18:13
John Smith,2025-02-12,10:43,19:10
John Smith,2025-02-13,10:09,18:09
John Smith,2025-02-14,10:05,18:21
John Smith,2025-02-15,10:00,14:00
John Smith,2025-02-16,,
John Smith,2025-02-17,10:12,18:44
John Smith,2025-02-18,10:18,18:26
John Smith,2025-02-19,10:21,18:18
John Smith,2025-02-20,10:18,18:27
John Smith,2025-02-21,10:04,18:11
John Smith,2025-02-22,,
John Smith,2025-02-23,,
John Smith,2025-02-24,10:10,18:19
John Smith,2025-02-25,10:26,18:08
John Smith,2025-02-26,10:03,18:26
John Smith,2025-02-27,10:44,18:01
John Smith,2025-02-28,10:25,18:43
John Smith,2025-03-01,10:00,14:00
John Smith,2025-03-02,,
John Smith,2025-03-03,10:37,18:06
John Smith,2025-03-04,10:01,18:42
John Smith,2025-03-05,10:27,18:29
John Smith,2025-03-06,,
John Smith,2025-03-07,10:23,18:08
John Smith,2025-03-08,10:00,14:00
John Smith,2025-03-09,,
John Smith,2025-03-10,10:24,18:25
John Smith,2025-03-11,10:21,18:10
John Smith,2025-03-12,10:29,18:18
John Smith,2025-03-13,10:39,19:08
John Smith,2025-03-14,,
John Smith,2025-03-15,10:00,14:00
John Smith,2025-03-16,,
John Smith,2025-03-17,10:11,18:26
John Smith,2025-03-18,10:13,18:29
John Smith,2025-03-19,10:19,18:07
John Smith,2025-03-20,10:09,18:02
John Smith,2025-03-21,10:31,18:39
John Smith,2025-03-22,10:00,14:00
John Smith,2025-03-23,,
John Smith,2025-03-24,10:35,19:06
John Smith,2025-03-25,10:30,18:33
John Smith,2025-03-26,10:15,18:18
John Smith,2025-03-27,10:35,18:02
John Smith,2025-03-28,10:06,19:24
John Smith,2025-03-29,,
John Smith,2025-03-30,,
John Smith,2025-03-31,10:19,18:00
John Smith,2025-04-01,10:38,18:07
John Smith,2025-04-02,10:44,19:19
John Smith,2025-04-03,10:44,18:40
John Smith,2025-04-04,10:21,18:08
John Smith,2025-04-05,10:00,14:00
John Smith,2025-04-06,,
John Smith,2025-04-07,,
John Smith,2025-04-08,10:10,18:08
John Smith,2025-04-09,10:37,19:01
John Smith,2025-04-10,10:34,18:25
John Smith,2025-04-11,10:13,18:35
John Smith,2025-04-12,10:00,14:00
John Smith,2025-04-13,,
John Smith,2025-04-14,10:21,18:02
John Smith,2025-04-15,10:10,18:35
John Smith,2025-04-16,10:44,18:20
John Smith,2025-04-17,10:03,18:14
John Smith,2025-04-18,10:29,18:15
John Smith,2025-04-19,10:00,14:00
John Smith,2025-04-20,,
John Smith,2025-04-21,10:40,18:09
John Smith,2025-04-22,10:29,18:18
John Smith,2025-04-23,10:23,18:37
John Smith,2025-04-24,10:07,18:08
John Smith,2025-04-25,10:21,18:03
John Smith,2025-04-26,10:00,14:00
John Smith,2025-04-27,,
John Smith,2025-04-28,10:35,18:43
John Smith,2025-04-29,10:07,18:02
John Smith,2025-04-30,10:29,18:33
John Smith,2025-05-01,10:19,18:27
John Smith,2025-05-02,10:32,18:12
John Smith,2025-05-03,,
John Smith,2025-05-04,,
John Smith,2025-05-05,10:12,18:42
John Smith,2025-05-06,10:39,18:30
John Smith,2025-05-07,10:11,18:28
John Smith,2025-05-08,10:21,18:02
John Smith,2025-05-09,,
John Smith,2025-05-10,10:00,14:00
John Smith,2025-05-11,,
John Smith,2025-05-12,10:17,18:24
John Smith,2025-05-13,10:40,18:21
John Smith,2025-05-14,10:15,18:37
John Smith,2025-05-15,10:31,18:36
John Smith,2025-05-16,10:31,18:24
John Smith,2025-05-17,,
John Smith,2025-05-18,,
John Smith,2025-05-19,10:04,18:15
John Smith,2025-05-20,10:28,18:29
John Smith,2025-05-21,10:24,18:08
John Smith,2025-05-22,10:04,18:01
John Smith,2025-05-23,10:26,18:20
John Smith,2025-05-24,,
John Smith,2025-05-25,,
John Smith,2025-05-26,10:04,19:21
John Smith,2025-05-27,10:38,18:24
John Smith,2025-05-28,10:21,18:32
John Smith,2025-05-29,10:28,18:04
John Smith,2025-05-30,10:32,18:25
John Smith,2025-05-31,,
John Smith,2025-06-01,,
John Smith,2025-06-02,10:31,18:31
John Smith,2025-06-03,10:32,18:30
John Smith,2025-06-04,10:34,18:18
John Smith,2025-06-05,10:34,18:13
John Smith,2025-06-06,10:08,18:22
John Smith,2025-06-07,10:00,14:00
John Smith,2025-06-08,,
John Smith,2025-06-09,10:31,18:32
John Smith,2025-06-10,10:13,18:19
John Smith,2025-06-11,10:12,18:18
John Smith,2025-06-12,10:25,18:21
John Smith,2025-06-13,10:30,19:13
John Smith,2025-06-14,,
John Smith,2025-06-15,,
John Smith,2025-06-16,10:07,18:14
John Smith,2025-06-17,10:30,18:27
John Smith,2025-06-18,10:37,18:22
John Smith,2025-06-19,10:33,18:28
John Smith,2025-06-20,,
John Smith,2025-06-21,,
John Smith,2025-06-22,,
John Smith,2025-06-23,10:42,18:31
John Smith,2025-06-24,10:41,18:15
John Smith,2025-06-25,10:21,18:07
John Smith,2025-06-26,,
John Smith,2025-06-27,10:38,18:06
John Smith,2025-06-28,10:00,14:00
John Smith,2025-06-29,,
John Smith,2025-06-30,10:00,18:24
John Smith,2025-07-01,10:27,18:27
John Smith,2025-07-02,10:29,18:14
John Smith,2025-07-03,10:03,18:32
John Smith,2025-07-04,10:36,18:00
John Smith,2025-07-05,10:00,14:00
John Smith,2025-07-06,,
John Smith,2025-07-07,10:16,18:14
John Smith,2025-07-08,10:37,18:27
John Smith,2025-07-09,10:14,18:11
John Smith,2025-07-10,10:26,18:40
John Smith,2025-07-11,10:40,18:25
John Smith,2025-07-12,,
John Smith,2025-07-13,,
John Smith,2025-07-14,10:19,18:24
John Smith,2025-07-15,10:07,19:17
John Smith,2025-07-16,10:03,18:31
John Smith,2025-07-17,10:35,18:29
John Smith,2025-07-18,10:24,18:27
John Smith,2025-07-19,,
John Smith,2025-07-20,,
John Smith,2025-07-21,10:23,18:11
John Smith,2025-07-22,10:07,18:08
John Smith,2025-07-23,10:42,18:29
John Smith,2025-07-24,10:39,18:24
John Smith,2025-07-25,10:35,18:08
John Smith,2025-07-26,,
John Smith,2025-07-27,,
John Smith,2025-07-28,10:31,18:18
John Smith,2025-07-29,10:22,18:14
John Smith,2025-07-30,10:25,18:23
John Smith,2025-07-31,10:44,18:38
John Smith,2025-08-01,10:19,18:08
John Smith,2025-08-02,,
John Smith,2025-08-03,,
John Smith,2025-08-04,10:35,18:10
John Smith,2025-08-05,10:28,17:55
John Smith,2025-08-06,10:02,18:37
John Smith,2025-08-07,10:23,18:05
John Smith,2025-08-08,10:41,18:13
John Smith,2025-08-09,,
John Smith,2025-08-10,,
John Smith,2025-08-11,10:21,18:37
John Smith,2025-08-12,10:20,18:24
John Smith,2025-08-13,10:43,18:22
John Smith,2025-08-14,10:13,18:01
John Smith,2025-08-15,10:10,18:42
John Smith,2025-08-16,10:00,14:00
John Smith,2025-08-17,,
John Smith,2025-08-18,10:25,17:42
John Smith,2025-08-19,10:28,18:04
John Smith,2025-08-20,10:04,17:41
John Smith,2025-08-21,10:27,18:00
John Smith,2025-08-22,10:21,18:23
John Smith,2025-08-23,,
John Smith,2025-08-24,,
John Smith,2025-08-25,10:30,18:26
John Smith,2025-08-26,10:25,19:09
John Smith,2025-08-27,10:12,18:11
John Smith,2025-08-28,10:42,18:42
John Smith,2025-08-29,10:41,18:41
John Smith,2025-08-30,10:00,14:00
John Smith,2025-08-31,,
John Smith,2025-09-01,10:21,18:25
John Smith,2025-09-02,10:42,18:10
John Smith,2025-09-03,10:42,18:14
John Smith,2025-09-04,10:34,18:24
John Smith,2025-09-05,10:05,17:58
John Smith,2025-09-06,10:00,14:00
John Smith,2025-09-07,,
John Smith,2025-09-08,10:05,18:37
John Smith,2025-09-09,10:02,18:08
John Smith,2025-09-10,10:10,18:23
John Smith,2025-09-11,10:23,18:44
John Smith,2025-09-12,,
John Smith,2025-09-13,,
John Smith,2025-09-14,,
John Smith,2025-09-15,10:33,18:41
John Smith,2025-09-16,10:15,18:07
John Smith,2025-09-17,10:22,18:18
John Smith,2025-09-18,10:27,18:27
John Smith,2025-09-19,10:32,18:27
John Smith,2025-09-20,,
John Smith,2025-09-21,,
John Smith,2025-09-22,10:18,18:35
John Smith,2025-09-23,10:32,18:24
John Smith,2025-09-24,10:04,18:43
John Smith,2025-09-25,10:08,18:05
John Smith,2025-09-26,10:39,18:00
John Smith,2025-09-27,10:00,14:00
John Smith,2025-09-28,,
John Smith,2025-09-29,10:12,18:10
John Smith,2025-09-30,10:08,18:31
John Smith,2025-10-01,10:24,18:13
John Smith,2025-10-02,10:08,18:38
John Smith,2025-10-03,10:27,18:21
John Smith,2025-10-04,10:00,14:00
John Smith,2025-10-05,,
John Smith,2025-10-06,10:43,18:21
John Smith,2025-10-07,10:23,18:19
John Smith,2025-10-08,10:00,18:13
John Smith,2025-10-09,10:04,17:49
John Smith,2025-10-10,10:09,18:10
John Smith,2025-10-11,10:00,14:00
John Smith,2025-10-12,,
John Smith,2025-10-13,10:27,18:06
John Smith,2025-10-14,10:25,18:31
John Smith,2025-10-15,10:35,18:33
John Smith,2025-10-16,10:15,18:07
John Smith,2025-10-17,10:40,18:44
John Smith,2025-10-18,,
John Smith,2025-10-19,,
John Smith,2025-10-20,10:13,18:36
John Smith,2025-10-21,10:19,18:10
John Smith,2025-10-22,10:18,18:12
John Smith,2025-10-23,10:39,18:01
John Smith,2025-10-24,10:31,18:16
John Smith,2025-10-25,10:00,14:00
John Smith,2025-10-26,,
John Smith,2025-10-27,10:23,18:07
John Smith,2025-10-28,10:19,18:10
John Smith,2025-10-29,10:43,18:00
John Smith,2025-10-30,10:36,18:38
John Smith,2025-10-31,10:31,18:07
John Smith,2025-11-01,,
John Smith,2025-11-02,,
John Smith,2025-11-03,,
John Smith,2025-11-04,10:16,18:22
John Smith,2025-11-05,10:15,18:26
John Smith,2025-11-06,10:04,18:34
John Smith,2025-11-07,10:05,18:07
John Smith,2025-11-08,10:00,14:00
John Smith,2025-11-09,,
John Smith,2025-11-10,10:40,18:40
John Smith,2025-11-11,10:01,18:24
John Smith,2025-11-12,,
John Smith,2025-11-13,10:37,18:15
John Smith,2025-11-14,10:38,18:17
John Smith,2025-11-15,,
John Smith,2025-11-16,,
John Smith,2025-11-17,10:18,19:29
John Smith,2025-11-18,10:13,18:29
John Smith,2025-11-19,10:30,18:04
John Smith,2025-11-20,10:08,18:12
John Smith,2025-11-21,10:09,18:27
John Smith,2025-11-22,10:00,14:00
John Smith,2025-11-23,,
John Smith,2025-11-24,10:03,18:42
John Smith,2025-11-25,10:12,18:27
John Smith,2025-11-26,10:33,17:43
John Smith,2025-11-27,10:15,18:24
John Smith,2025-11-28,10:35,18:40
John Smith,2025-11-29,,
John Smith,2025-11-30,,
John Smith,2025-12-01,10:26,18:44
John Smith,2025-12-02,10:09,18:39
John Smith,2025-12-03,10:02,18:15
John Smith,2025-12-04,10:24,18:29
John Smith,2025-12-05,10:06,18:15
John Smith,2025-12-06,10:00,14:00
John Smith,2025-12-07,,
John Smith,2025-12-08,10:36,18:15
John Smith,2025-12-09,10:33,18:00
John Smith,2025-12-10,10:39,18:17
John Smith,2025-12-11,,
John Smith,2025-12-12,10:03,18:14
John Smith,2025-12-13,10:00,14:00
John Smith,2025-12-14,,
John Smith,2025-12-15,10:26,17:43
John Smith,2025-12-16,10:05,18:27
John Smith,2025-12-17,10:28,17:32
John Smith,2025-12-18,,
John Smith,2025-12-19,10:23,18:35
John Smith,2025-12-20,,
John Smith,2025-12-21,,
John Smith,2025-12-22,10:00,18:27
John Smith,2025-12-23,10:24,18:25
John Smith,2025-12-24,10:44,18:25
John Smith,2025-12-25,10:16,18:20
John Smith,2025-12-26,,
John Smith,2025-12-27,,
John Smith,2025-12-28,,
John Smith,2025-12-29,10:27,18:43
John Smith,2025-12-30,10:01,18:16
John Smith,2025-12-31,10:37,18:40
Sarah Johnson,2024-01-01,10:26,18:37
Sarah Johnson,2024-01-02,10:31,18:38
Sarah Johnson,2024-01-03,10:44,18:42
Sarah Johnson,2024-01-04,10:11,18:34
Sarah Johnson,2024-01-05,10:43,18:17
Sarah Johnson,2024-01-06,10:00,14:00
Sarah Johnson,2024-01-07,,
Sarah Johnson,2024-01-08,10:15,18:05
Sarah Johnson,2024-01-09,10:00,17:37
Sarah Johnson,2024-01-10,10:22,18:36
Sarah Johnson,2024-01-11,10:19,18:37
Sarah Johnson,2024-01-12,10:21,18:28
Sarah Johnson,2024-01-13,10:00,14:00
Sarah Johnson,2024-01-14,,
Sarah Johnson,2024-01-15,10:16,18:35
Sarah Johnson,2024-01-16,10:34,18:11
Sarah Johnson,2024-01-17,10:29,18:25
Sarah Johnson,2024-01-18,10:33,18:41
Sarah Johnson,2024-01-19,10:14,18:38
Sarah Johnson,2024-01-20,,
Sarah Johnson,2024-01-21,,
Sarah Johnson,2024-01-22,10:08,18:02
Sarah Johnson,2024-01-23,10:39,18:03
Sarah Johnson,2024-01-24,10:40,18:12
Sarah Johnson,2024-01-25,10:27,18:34
Sarah Johnson,2024-01-26,10:27,18:13
Sarah Johnson,2024-01-27,,
Sarah Johnson,2024-01-28,,
Sarah Johnson,2024-01-29,10:20,18:22
Sarah Johnson,2024-01-30,10:03,18:12
Sarah Johnson,2024-01-31,10:43,18:14
Sarah Johnson,2024-02-01,10:22,18:21
Sarah Johnson,2024-02-02,10:16,18:20
Sarah Johnson,2024-02-03,,
Sarah Johnson,2024-02-04,,
Sarah Johnson,2024-02-05,,
Sarah Johnson,2024-02-06,10:20,18:13
Sarah Johnson,2024-02-07,,
Sarah Johnson,2024-02-08,10:36,18:44
Sarah Johnson,2024-02-09,10:23,18:19
Sarah Johnson,2024-02-10,10:00,14:00
Sarah Johnson,2024-02-11,,
Sarah Johnson,2024-02-12,10:04,18:36
Sarah Johnson,2024-02-13,10:00,18:40
Sarah Johnson,2024-02-14,10:10,18:01
Sarah Johnson,2024-02-15,10:22,18:31
Sarah Johnson,2024-02-16,10:14,17:44
Sarah Johnson,2024-02-17,,
Sarah Johnson,2024-02-18,,
Sarah Johnson,2024-02-19,10:11,18:11
Sarah Johnson,2024-02-20,10:21,18:23
Sarah Johnson,2024-02-21,10:00,18:30
Sarah Johnson,2024-02-22,10:11,18:37
Sarah Johnson,2024-02-23,10:04,17:31
Sarah Johnson,2024-02-24,,
Sarah Johnson,2024-02-25,,
Sarah Johnson,2024-02-26,10:08,17:39
Sarah Johnson,2024-02-27,10:39,19:04
Sarah Johnson,2024-02-28,10:37,18:24
Sarah Johnson,2024-02-29,10:34,18:33
Sarah Johnson,2024-03-01,10:14,18:23
Sarah Johnson,2024-03-02,,
Sarah Johnson,2024-03-03,,
Sarah Johnson,2024-03-04,10:05,18:11
Sarah Johnson,2024-03-05,10:10,18:16
Sarah Johnson,2024-03-06,10:26,18:41
Sarah Johnson,2024-03-07,10:24,18:39
Sarah Johnson,2024-03-08,10:36,18:05
Sarah Johnson,2024-03-09,,
Sarah Johnson,2024-03-10,,
Sarah Johnson,2024-03-11,10:18,18:22
Sarah Johnson,2024-03-12,10:41,18:36
Sarah Johnson,2024-03-13,10:29,18:08
Sarah Johnson,2024-03-14,10:28,18:03
Sarah Johnson,2024-03-15,10:33,18:29
Sarah Johnson,2024-03-16,10:00,14:00
Sarah Johnson,2024-03-17,,
Sarah Johnson,2024-03-18,10:03,18:20
Sarah Johnson,2024-03-19,10:17,17:52
Sarah Johnson,2024-03-20,10:17,18:19
Sarah Johnson,2024-03-21,10:28,18:10
Sarah Johnson,2024-03-22,10:22,18:19
Sarah Johnson,2024-03-23,,
Sarah Johnson,2024-03-24,,
Sarah Johnson,2024-03-25,10:00,18:29
Sarah Johnson,2024-03-26,10:21,18:23
Sarah Johnson,2024-03-27,10:32,18:23
Sarah Johnson,2024-03-28,10:39,18:34
Sarah Johnson,2024-03-29,10:30,18:12
Sarah Johnson,2024-03-30,10:00,14:00
Sarah Johnson,2024-03-31,,
Sarah Johnson,2024-04-01,10:32,18:07
Sarah Johnson,2024-04-02,10:44,18:09
Sarah Johnson,2024-04-03,10:11,18:33
Sarah Johnson,2024-04-04,10:14,18:23
Sarah Johnson,2024-04-05,10:12,18:25
Sarah Johnson,2024-04-06,,
Sarah Johnson,2024-04-07,,
Sarah Johnson,2024-04-08,10:27,18:22
Sarah Johnson,2024-04-09,10:03,18:19
Sarah Johnson,2024-04-10,10:14,18:35
Sarah Johnson,2024-04-11,10:36,18:31
Sarah Johnson,2024-04-12,10:25,18:26
Sarah Johnson,2024-04-13,10:00,14:00
Sarah Johnson,2024-04-14,,
Sarah Johnson,2024-04-15,10:39,18:31
Sarah Johnson,2024-04-16,10:14,19:28
Sarah Johnson,2024-04-17,10:40,18:07
Sarah Johnson,2024-04-18,,
Sarah Johnson,2024-04-19,10:20,18:07
Sarah Johnson,2024-04-20,10:00,14:00
Sarah Johnson,2024-04-21,,
Sarah Johnson,2024-04-22,10:20,18:01
Sarah Johnson,2024-04-23,10:28,18:44
Sarah Johnson,2024-04-24,10:07,18:41
Sarah Johnson,2024-04-25,10:21,18:22
Sarah Johnson,2024-04-26,10:15,18:37
Sarah Johnson,2024-04-27,10:00,14:00
Sarah Johnson,2024-04-28,,
Sarah Johnson,2024-04-29,10:28,18:37
Sarah Johnson,2024-04-30,10:05,18:40
Sarah Johnson,2024-05-01,10:23,18:15
Sarah Johnson,2024-05-02,10:27,17:32
Sarah Johnson,2024-05-03,10:08,18:09
Sarah Johnson,2024-05-04,10:00,14:00
Sarah Johnson,2024-05-05,,
Sarah Johnson,2024-05-06,,
Sarah Johnson,2024-05-07,10:38,19:13
Sarah Johnson,2024-05-08,10:13,18:05
Sarah Johnson,2024-05-09,10:18,18:39
Sarah Johnson,2024-05-10,10:24,18:29
Sarah Johnson,2024-05-11,10:00,14:00
Sarah Johnson,2024-05-12,,
Sarah Johnson,2024-05-13,10:33,18:05
Sarah Johnson,2024-05-14,10:13,18:41
Sarah Johnson,2024-05-15,10:31,18:13
Sarah Johnson,2024-05-16,10:31,18:17
Sarah Johnson,2024-05-17,10:32,18:18
Sarah Johnson,2024-05-18,10:00,14:00
Sarah Johnson,2024-05-19,,
Sarah Johnson,2024-05-20,10:09,18:24
Sarah Johnson,2024-05-21,10:08,18:05
Sarah Johnson,2024-05-22,10:31,18:01
Sarah Johnson,2024-05-23,10:15,17:44
Sarah Johnson,2024-05-24,10:31,18:00
Sarah Johnson,2024-05-25,,
Sarah Johnson,2024-05-26,,
Sarah Johnson,2024-05-27,10:31,18:22
Sarah Johnson,2024-05-28,,
Sarah Johnson,2024-05-29,10:15,18:29
Sarah Johnson,2024-05-30,10:23,18:34
Sarah Johnson,2024-05-31,10:28,18:33
Sarah Johnson,2024-06-01,10:00,14:00
Sarah Johnson,2024-06-02,,
Sarah Johnson,2024-06-03,10:06,18:24
Sarah Johnson,2024-06-04,10:34,17:38
Sarah Johnson,2024-06-05,10:09,18:31
Sarah Johnson,2024-06-06,,
Sarah Johnson,2024-06-07,10:28,18:34
Sarah Johnson,2024-06-08,10:00,14:00
Sarah Johnson,2024-06-09,,
Sarah Johnson,2024-06-10,10:26,18:44
Sarah Johnson,2024-06-11,10:04,17:34
Sarah Johnson,2024-06-12,10:37,18:30
Sarah Johnson,2024-06-13,10:19,18:04
Sarah Johnson,2024-06-14,10:23,19:02
Sarah Johnson,2024-06-15,10:00,14:00
Sarah Johnson,2024-06-16,,
Sarah Johnson,2024-06-17,10:14,18:43
Sarah Johnson,2024-06-18,10:00,18:40
Sarah Johnson,2024-06-19,10:32,18:30
Sarah Johnson,2024-06-20,10:35,18:23
Sarah Johnson,2024-06-21,10:04,18:07
Sarah Johnson,2024-06-22,,
Sarah Johnson,2024-06-23,,
Sarah Johnson,2024-06-24,10:30,18:12
Sarah Johnson,2024-06-25,10:32,18:43
Sarah Johnson,2024-06-26,,
Sarah Johnson,2024-06-27,10:42,18:09
Sarah Johnson,2024-06-28,10:18,18:38
Sarah Johnson,2024-06-29,,
Sarah Johnson,2024-06-30,,
Sarah Johnson,2024-07-01,10:10,18:38
Sarah Johnson,2024-07-02,10:43,18:01
Sarah Johnson,2024-07-03,10:34,18:20
Sarah Johnson,2024-07-04,10:30,18:08
Sarah Johnson,2024-07-05,10:22,18:08
Sarah Johnson,2024-07-06,,
Sarah Johnson,2024-07-07,,
Sarah Johnson,2024-07-08,10:03,17:44
Sarah Johnson,2024-07-09,10:09,18:34
Sarah Johnson,2024-07-10,10:41,18:25
Sarah Johnson,2024-07-11,10:04,18:01
Sarah Johnson,2024-07-12,10:03,18:36
Sarah Johnson,2024-07-13,10:00,14:00
Sarah Johnson,2024-07-14,,
Sarah Johnson,2024-07-15,10:06,18:01
Sarah Johnson,2024-07-16,10:23,18:32
Sarah Johnson,2024-07-17,10:41,18:35
Sarah Johnson,2024-07-18,10:11,18:29
Sarah Johnson,2024-07-19,10:12,18:14
Sarah Johnson,2024-07-20,,
Sarah Johnson,2024-07-21,,
Sarah Johnson,2024-07-22,10:09,19:04
Sarah Johnson,2024-07-23,10:26,18:02
Sarah Johnson,2024-07-24,,
Sarah Johnson,2024-07-25,10:44,18:40
Sarah Johnson,2024-07-26,10:00,18:24
Sarah Johnson,2024-07-27,,
Sarah Johnson,2024-07-28,,
Sarah Johnson,2024-07-29,,
Sarah Johnson,2024-07-30,10:02,18:04
Sarah Johnson,2024-07-31,10:30,18:35
Sarah Johnson,2024-08-01,10:05,18:37
Sarah Johnson,2024-08-02,10:42,18:09
Sarah Johnson,2024-08-03,10:00,14:00
Sarah Johnson,2024-08-04,,
Sarah Johnson,2024-08-05,10:00,17:55
Sarah Johnson,2024-08-06,10:27,18:13
Sarah Johnson,2024-08-07,10:31,18:16
Sarah Johnson,2024-08-08,10:16,18:10
Sarah Johnson,2024-08-09,,
Sarah Johnson,2024-08-10,10:00,14:00
Sarah Johnson,2024-08-11,,
Sarah Johnson,2024-08-12,10:01,18:43
Sarah Johnson,2024-08-13,10:37,18:00
Sarah Johnson,2024-08-14,10:37,18:40
Sarah Johnson,2024-08-15,10:22,17:40
Sarah Johnson,2024-08-16,10:00,18:44
Sarah Johnson,2024-08-17,,
Sarah Johnson,2024-08-18,,
Sarah Johnson,2024-08-19,10:27,18:20
Sarah Johnson,2024-08-20,10:37,18:41
Sarah Johnson,2024-08-21,10:41,18:31
Sarah Johnson,2024-08-22,10:38,18:24
Sarah Johnson,2024-08-23,10:18,18:19
Sarah Johnson,2024-08-24,10:00,14:00
Sarah Johnson,2024-08-25,,
Sarah Johnson,2024-08-26,,
Sarah Johnson,2024-08-27,10:22,18:34
Sarah Johnson,2024-08-28,10:00,18:40
Sarah Johnson,2024-08-29,10:14,18:14
Sarah Johnson,2024-08-30,10:24,18:12
Sarah Johnson,2024-08-31,,
Sarah Johnson,2024-09-01,,
Sarah Johnson,2024-09-02,10:32,18:35
Sarah Johnson,2024-09-03,10:25,17:59
Sarah Johnson,2024-09-04,10:19,18:33
Sarah Johnson,2024-09-05,10:37,18:29
Sarah Johnson,2024-09-06,10:36,18:36
Sarah Johnson,2024-09-07,,
Sarah Johnson,2024-09-08,,
Sarah Johnson,2024-09-09,10:22,18:12
Sarah Johnson,2024-09-10,10:15,18:14
Sarah Johnson,2024-09-11,10:17,18:05
Sarah Johnson,2024-09-12,10:14,17:40
Sarah Johnson,2024-09-13,10:18,18:34
Sarah Johnson,2024-09-14,,
Sarah Johnson,2024-09-15,,
Sarah Johnson,2024-09-16,10:36,19:21
Sarah Johnson,2024-09-17,10:07,18:32
Sarah Johnson,2024-09-18,,
Sarah Johnson,2024-09-19,10:43,18:08
Sarah Johnson,2024-09-20,10:44,18:29
Sarah Johnson,2024-09-21,10:00,14:00
Sarah Johnson,2024-09-22,,
Sarah Johnson,2024-09-23,10:43,18:18
Sarah Johnson,2024-09-24,10:36,18:16
Sarah Johnson,2024-09-25,10:27,18:30
Sarah Johnson,2024-09-26,10:15,18:39
Sarah Johnson,2024-09-27,10:30,18:44
Sarah Johnson,2024-09-28,,
Sarah Johnson,2024-09-29,,
Sarah Johnson,2024-09-30,10:05,18:09
Sarah Johnson,2024-10-01,10:09,18:37
Sarah Johnson,2024-10-02,10:38,18:25
Sarah Johnson,2024-10-03,10:32,18:15
Sarah Johnson,2024-10-04,10:25,18:15
Sarah Johnson,2024-10-05,,
Sarah Johnson,2024-10-06,,
Sarah Johnson,2024-10-07,10:39,18:22
Sarah Johnson,2024-10-08,,
Sarah Johnson,2024-10-09,10:27,18:06
Sarah Johnson,2024-10-10,10:23,17:38
Sarah Johnson,2024-10-11,10:12,18:36
Sarah Johnson,2024-10-12,,
Sarah Johnson,2024-10-13,,
Sarah Johnson,2024-10-14,10:25,18:26
Sarah Johnson,2024-10-15,10:06,18:26
Sarah Johnson,2024-10-16,10:40,18:22
Sarah Johnson,2024-10-17,10:05,18:36
Sarah Johnson,2024-10-18,10:23,18:28
Sarah Johnson,2024-10-19,10:00,14:00
Sarah Johnson,2024-10-20,,
Sarah Johnson,2024-10-21,10:19,18:42
Sarah Johnson,2024-10-22,10:03,18:13
Sarah Johnson,2024-10-23,10:11,18:38
Sarah Johnson,2024-10-24,10:18,18:03
Sarah Johnson,2024-10-25,10:28,18:37
Sarah Johnson,2024-10-26,,
Sarah Johnson,2024-10-27,,
Sarah Johnson,2024-10-28,10:06,18:00
Sarah Johnson,2024-10-29,10:01,18:41
Sarah Johnson,2024-10-30,10:17,18:26
Sarah Johnson,2024-10-31,10:19,18:10
Sarah Johnson,2024-11-01,10:15,18:29
Sarah Johnson,2024-11-02,,
Sarah Johnson,2024-11-03,,
Sarah Johnson,2024-11-04,10:32,18:02
Sarah Johnson,2024-11-05,10:03,19:11
Sarah Johnson,2024-11-06,10:30,18:06
Sarah Johnson,2024-11-07,10:00,17:34
Sarah Johnson,2024-11-08,10:10,18:00
Sarah Johnson,2024-11-09,10:00,14:00
Sarah Johnson,2024-11-10,,
Sarah Johnson,2024-11-11,10:38,18:44
Sarah Johnson,2024-11-12,10:19,18:24
Sarah Johnson,2024-11-13,10:05,17:37
Sarah Johnson,2024-11-14,10:43,18:06
Sarah Johnson,2024-11-15,10:25,17:41
Sarah Johnson,2024-11-16,10:00,14:00
Sarah Johnson,2024-11-17,,
Sarah Johnson,2024-11-18,10:34,18:08
Sarah Johnson,2024-11-19,10:22,18:39
Sarah Johnson,2024-11-20,10:16,18:20
Sarah Johnson,2024-11-21,10:33,18:26
Sarah Johnson,2024-11-22,10:43,18:07
Sarah Johnson,2024-11-23,,
Sarah Johnson,2024-11-24,,
Sarah Johnson,2024-11-25,10:33,17:55
Sarah Johnson,2024-11-26,10:12,18:07
Sarah Johnson,2024-11-27,10:44,18:17
Sarah Johnson,2024-11-28,10:11,18:34
Sarah Johnson,2024-11-29,10:04,18:24
Sarah Johnson,2024-11-30,10:00,14:00
Sarah Johnson,2024-12-01,,
Sarah Johnson,2024-12-02,10:29,18:20
Sarah Johnson,2024-12-03,10:17,18:32
Sarah Johnson,2024-12-04,10:27,18:20
Sarah Johnson,2024-12-05,,
Sarah Johnson,2024-12-06,10:23,18:38
Sarah Johnson,2024-12-07,10:00,14:00
Sarah Johnson,2024-12-08,,
Sarah Johnson,2024-12-09,10:04,18:20
Sarah Johnson,2024-12-10,10:12,18:24
Sarah Johnson,2024-12-11,10:25,18:15
Sarah Johnson,2024-12-12,,
Sarah Johnson,2024-12-13,10:13,18:12
Sarah Johnson,2024-12-14,10:00,14:00
Sarah Johnson,2024-12-15,,
Sarah Johnson,2024-12-16,10:16,18:13
Sarah Johnson,2024-12-17,10:25,18:15
Sarah Johnson,2024-12-18,10:03,18:32
Sarah Johnson,2024-12-19,10:05,18:04
Sarah Johnson,2024-12-20,10:09,18:00
Sarah Johnson,2024-12-21,10:00,14:00
Sarah Johnson,2024-12-22,,
Sarah Johnson,2024-12-23,10:08,18:01
Sarah Johnson,2024-12-24,10:06,18:36
Sarah Johnson,2024-12-25,10:21,18:22
Sarah Johnson,2024-12-26,10:02,18:18
Sarah Johnson,2024-12-27,10:34,18:38
Sarah Johnson,2024-12-28,,
Sarah Johnson,2024-12-29,,
Sarah Johnson,2024-12-30,10:11,18:30
Sarah Johnson,2024-12-31,10:15,18:41
Sarah Johnson,2025-01-01,10:09,18:18
Sarah Johnson,2025-01-02,10:30,18:16
Sarah Johnson,2025-01-03,10:30,18:32
Sarah Johnson,2025-01-04,,
Sarah Johnson,2025-01-05,,
Sarah Johnson,2025-01-06,10:30,18:20
Sarah Johnson,2025-01-07,10:09,18:39
Sarah Johnson,2025-01-08,10:37,18:08
Sarah Johnson,2025-01-09,10:03,18:29
Sarah Johnson,2025-01-10,10:10,18:43
Sarah Johnson,2025-01-11,10:00,14:00
Sarah Johnson,2025-01-12,,
Sarah Johnson,2025-01-13,10:27,17:46
Sarah Johnson,2025-01-14,10:27,18:39
Sarah Johnson,2025-01-15,10:29,18:07
Sarah Johnson,2025-01-16,,
Sarah Johnson,2025-01-17,10:06,18:12
Sarah Johnson,2025-01-18,,
Sarah Johnson,2025-01-19,,
Sarah Johnson,2025-01-20,10:30,18:18
Sarah Johnson,2025-01-21,10:34,18:29
Sarah Johnson,2025-01-22,10:27,18:30
Sarah Johnson,2025-01-23,10:01,18:22
Sarah Johnson,2025-01-24,10:15,17:50
Sarah Johnson,2025-01-25,10:00,14:00
Sarah Johnson,2025-01-26,,
Sarah Johnson,2025-01-27,10:33,18:23
Sarah Johnson,2025-01-28,10:39,18:35
Sarah Johnson,2025-01-29,10:20,18:26
Sarah Johnson,2025-01-30,10:14,18:19
Sarah Johnson,2025-01-31,10:34,18:20
Sarah Johnson,2025-02-01,10:00,14:00
Sarah Johnson,2025-02-02,,
Sarah Johnson,2025-02-03,10:34,18:01
Sarah Johnson,2025-02-04,10:42,18:42
Sarah Johnson,2025-02-05,10:33,18:09
Sarah Johnson,2025-02-06,10:17,18:03
Sarah Johnson,2025-02-07,10:41,18:29
Sarah Johnson,2025-02-08,10:00,14:00
Sarah Johnson,2025-02-09,,
Sarah Johnson,2025-02-10,10:20,18:25
Sarah Johnson,2025-02-11,10:36,18:22
Sarah Johnson,2025-02-12,10:39,18:05
Sarah Johnson,2025-02-13,10:33,18:04
Sarah Johnson,2025-02-14,10:15,18:03
Sarah Johnson,2025-02-15,,
Sarah Johnson,2025-02-16,,
Sarah Johnson,2025-02-17,10:32,18:12
Sarah Johnson,2025-02-18,10:16,18:17
Sarah Johnson,2025-02-19,10:00,18:18
Sarah Johnson,2025-02-20,10:37,18:01
Sarah Johnson,2025-02-21,10:01,18:42
Sarah Johnson,2025-02-22,10:00,14:00
Sarah Johnson,2025-02-23,,
Sarah Johnson,2025-02-24,10:35,18:00
Sarah Johnson,2025-02-25,10:15,18:12
Sarah Johnson,2025-02-26,10:38,18:27
Sarah Johnson,2025-02-27,10:16,18:05
Sarah Johnson,2025-02-28,10:10,18:35
Sarah Johnson,2025-03-01,10:00,14:00
Sarah Johnson,2025-03-02,,
Sarah Johnson,2025-03-03,,
Sarah Johnson,2025-03-04,10:14,18:18
Sarah Johnson,2025-03-05,10:11,18:33
Sarah Johnson,2025-03-06,10:37,18:34
Sarah Johnson,2025-03-07,10:24,18:38
Sarah Johnson,2025-03-08,10:00,14:00
Sarah Johnson,2025-03-09,,
Sarah Johnson,2025-03-10,10:38,18:19
Sarah Johnson,2025-03-11,10:16,18:14
Sarah Johnson,2025-03-12,10:07,18:06
Sarah Johnson,2025-03-13,10:26,18:15
Sarah Johnson,2025-03-14,10:42,18:17
Sarah Johnson,2025-03-15,10:00,14:00
Sarah Johnson,2025-03-16,,
Sarah Johnson,2025-03-17,10:24,18:11
Sarah Johnson,2025-03-18,10:41,18:15
Sarah Johnson,2025-03-19,10:02,18:43
Sarah Johnson,2025-03-20,10:11,18:07
Sarah Johnson,2025-03-21,10:23,18:15
Sarah Johnson,2025-03-22,10:00,14:00
Sarah Johnson,2025-03-23,,
Sarah Johnson,2025-03-24,10:43,18:35
Sarah Johnson,2025-03-25,10:02,18:43
Sarah Johnson,2025-03-26,10:14,18:32
Sarah Johnson,2025-03-27,10:05,18:13
Sarah Johnson,2025-03-28,10:19,18:30
Sarah Johnson,2025-03-29,10:00,14:00
Sarah Johnson,2025-03-30,,
Sarah Johnson,2025-03-31,10:24,18:24
Sarah Johnson,2025-04-01,10:21,19:13
Sarah Johnson,2025-04-02,10:07,18:04
Sarah Johnson,2025-04-03,10:27,18:42
Sarah Johnson,2025-04-04,10:44,18:13
Sarah Johnson,2025-04-05,,
Sarah Johnson,2025-04-06,,
Sarah Johnson,2025-04-07,10:25,17:35
Sarah Johnson,2025-04-08,,
Sarah Johnson,2025-04-09,10:23,18:02
Sarah Johnson,2025-04-10,10:12,18:11
Sarah Johnson,2025-04-11,10:12,18:22
Sarah Johnson,2025-04-12,10:00,14:00
Sarah Johnson,2025-04-13,,
Sarah Johnson,2025-04-14,10:21,18:37
Sarah Johnson,2025-04-15,10:06,17:40
Sarah Johnson,2025-04-16,10:37,18:04
Sarah Johnson,2025-04-17,10:43,18:43
Sarah Johnson,2025-04-18,10:16,18:05
Sarah Johnson,2025-04-19,10:00,14:00
Sarah Johnson,2025-04-20,,
Sarah Johnson,2025-04-21,10:31,19:15
Sarah Johnson,2025-04-22,10:36,18:38
Sarah Johnson,2025-04-23,10:37,18:41
Sarah Johnson,2025-04-24,10:16,18:07
Sarah Johnson,2025-04-25,10:16,18:28
Sarah Johnson,2025-04-26,,
Sarah Johnson,2025-04-27,,
Sarah Johnson,2025-04-28,10:35,18:06
Sarah Johnson,2025-04-29,10:17,18:40
Sarah Johnson,2025-04-30,10:29,18:23
Sarah Johnson,2025-05-01,10:13,18:41
Sarah Johnson,2025-05-02,10:00,18:08
Sarah Johnson,2025-05-03,10:00,14:00
Sarah Johnson,2025-05-04,,
Sarah Johnson,2025-05-05,10:02,18:41
Sarah Johnson,2025-05-06,10:18,18:15
Sarah Johnson,2025-05-07,,
Sarah Johnson,2025-05-08,10:16,18:42
Sarah Johnson,2025-05-09,10:37,18:10
Sarah Johnson,2025-05-10,10:00,14:00
Sarah Johnson,2025-05-11,,
Sarah Johnson,2025-05-12,10:13,18:14
Sarah Johnson,2025-05-13,10:10,18:08
Sarah Johnson,2025-05-14,10:24,18:43
Sarah Johnson,2025-05-15,10:20,18:10
Sarah Johnson,2025-05-16,10:16,18:19
Sarah Johnson,2025-05-17,,
Sarah Johnson,2025-05-18,,
Sarah Johnson,2025-05-19,10:33,18:34
Sarah Johnson,2025-05-20,10:41,18:13
Sarah Johnson,2025-05-21,10:04,17:43
Sarah Johnson,2025-05-22,10:07,18:12
Sarah Johnson,2025-05-23,10:25,18:39
Sarah Johnson,2025-05-24,,
Sarah Johnson,2025-05-25,,
Sarah Johnson,2025-05-26,10:22,18:14
Sarah Johnson,2025-05-27,10:04,18:11
Sarah Johnson,2025-05-28,10:36,18:38
Sarah Johnson,2025-05-29,10:01,18:21
Sarah Johnson,2025-05-30,10:11,18:40
Sarah Johnson,2025-05-31,10:00,14:00
Sarah Johnson,2025-06-01,,
Sarah Johnson,2025-06-02,10:06,18:26
Sarah Johnson,2025-06-03,,
Sarah Johnson,2025-06-04,10:24,18:05
Sarah Johnson,2025-06-05,10:37,18:04
Sarah Johnson,2025-06-06,10:28,19:14
Sarah Johnson,2025-06-07,10:00,14:00
Sarah Johnson,2025-06-08,,
Sarah Johnson,2025-06-09,10:41,18:42
Sarah Johnson,2025-06-10,,
Sarah Johnson,2025-06-11,10:08,18:11
Sarah Johnson,2025-06-12,10:17,18:27
Sarah Johnson,2025-06-13,10:41,18:04
Sarah Johnson,2025-06-14,10:00,14:00
Sarah Johnson,2025-06-15,,
Sarah Johnson,2025-06-16,10:14,18:42
Sarah Johnson,2025-06-17,10:09,18:28
Sarah Johnson,2025-06-18,10:42,18:09
Sarah Johnson,2025-06-19,10:17,18:39
Sarah Johnson,2025-06-20,10:29,18:31
Sarah Johnson,2025-06-21,,
Sarah Johnson,2025-06-22,,
Sarah Johnson,2025-06-23,10:11,18:29
Sarah Johnson,2025-06-24,10:44,18:18
Sarah Johnson,2025-06-25,10:23,18:04
Sarah Johnson,2025-06-26,10:06,18:25
Sarah Johnson,2025-06-27,10:42,18:09
Sarah Johnson,2025-06-28,10:00,14:00
Sarah Johnson,2025-06-29,,
Sarah Johnson,2025-06-30,10:37,19:28
Sarah Johnson,2025-07-01,10:07,18:25
Sarah Johnson,2025-07-02,10:02,18:24
Sarah Johnson,2025-07-03,10:19,18:30
Sarah Johnson,2025-07-04,10:32,18:12
Sarah Johnson,2025-07-05,,
Sarah Johnson,2025-07-06,,
Sarah Johnson,2025-07-07,10:12,18:05
Sarah Johnson,2025-07-08,10:44,18:13
Sarah Johnson,2025-07-09,10:17,18:39
Sarah Johnson,2025-07-10,10:12,18:15
Sarah Johnson,2025-07-11,10:41,18:39
Sarah Johnson,2025-07-12,10:00,14:00
Sarah Johnson,2025-07-13,,
Sarah Johnson,2025-07-14,10:32,18:14
Sarah Johnson,2025-07-15,10:00,18:29
Sarah Johnson,2025-07-16,10:22,18:35
Sarah Johnson,2025-07-17,10:26,18:34
Sarah Johnson,2025-07-18,10:03,18:29
Sarah Johnson,2025-07-19,10:00,14:00
Sarah Johnson,2025-07-20,,
Sarah Johnson,2025-07-21,10:01,18:34
Sarah Johnson,2025-07-22,10:07,18:27
Sarah Johnson,2025-07-23,10:00,19:28
Sarah Johnson,2025-07-24,10:38,18:26
Sarah Johnson,2025-07-25,10:29,18:02
Sarah Johnson,2025-07-26,,
Sarah Johnson,2025-07-27,,
Sarah Johnson,2025-07-28,10:19,18:12
Sarah Johnson,2025-07-29,10:41,17:59
Sarah Johnson,2025-07-30,,
Sarah Johnson,2025-07-31,10:02,18:22
Sarah Johnson,2025-08-01,10:39,18:26
Sarah Johnson,2025-08-02,10:00,14:00
Sarah Johnson,2025-08-03,,
Sarah Johnson,2025-08-04,10:05,18:18
Sarah Johnson,2025-08-05,10:44,18:17
Sarah Johnson,2025-08-06,10:42,18:19
Sarah Johnson,2025-08-07,10:13,18:28
Sarah Johnson,2025-08-08,10:15,18:43
Sarah Johnson,2025-08-09,,
Sarah Johnson,2025-08-10,,
Sarah Johnson,2025-08-11,10:01,18:01
Sarah Johnson,2025-08-12,10:24,18:28
Sarah Johnson,2025-08-13,10:17,18:04
Sarah Johnson,2025-08-14,10:26,18:00
Sarah Johnson,2025-08-15,10:34,18:00
Sarah Johnson,2025-08-16,,
Sarah Johnson,2025-08-17,,
Sarah Johnson,2025-08-18,10:41,18:07
Sarah Johnson,2025-08-19,10:20,18:41
Sarah Johnson,2025-08-20,10:07,18:36
Sarah Johnson,2025-08-21,10:39,18:15
Sarah Johnson,2025-08-22,10:05,18:28
Sarah Johnson,2025-08-23,,
Sarah Johnson,2025-08-24,,
Sarah Johnson,2025-08-25,10:06,18:14
Sarah Johnson,2025-08-26,10:13,18:27
Sarah Johnson,2025-08-27,10:04,18:00
Sarah Johnson,2025-08-28,10:24,17:35
Sarah Johnson,2025-08-29,10:35,18:44
Sarah Johnson,2025-08-30,,
Sarah Johnson,2025-08-31,,
Sarah Johnson,2025-09-01,10:34,18:42
Sarah Johnson,2025-09-02,10:29,18:29
Sarah Johnson,2025-09-03,10:24,18:13
Sarah Johnson,2025-09-04,10:33,18:34
Sarah Johnson,2025-09-05,10:06,18:06
Sarah Johnson,2025-09-06,,
Sarah Johnson,2025-09-07,,
Sarah Johnson,2025-09-08,10:13,18:01
Sarah Johnson,2025-09-09,10:42,18:30
Sarah Johnson,2025-09-10,10:38,18:27
Sarah Johnson,2025-09-11,10:12,18:09
Sarah Johnson,2025-09-12,10:10,19:01
Sarah Johnson,2025-09-13,10:00,14:00
Sarah Johnson,2025-09-14,,
Sarah Johnson,2025-09-15,10:22,18:39
Sarah Johnson,2025-09-16,10:43,18:02
Sarah Johnson,2025-09-17,10:11,18:04
Sarah Johnson,2025-09-18,10:22,18:25
Sarah Johnson,2025-09-19,10:24,18:32
Sarah Johnson,2025-09-20,,
Sarah Johnson,2025-09-21,,
Sarah Johnson,2025-09-22,10:00,18:04
Sarah Johnson,2025-09-23,10:33,18:42
Sarah Johnson,2025-09-24,10:36,18:44
Sarah Johnson,2025-09-25,10:35,18:05
Sarah Johnson,2025-09-26,10:24,18:43
Sarah Johnson,2025-09-27,10:00,14:00
Sarah Johnson,2025-09-28,,
Sarah Johnson,2025-09-29,10:28,18:15
Sarah Johnson,2025-09-30,,
Sarah Johnson,2025-10-01,10:42,18:30
Sarah Johnson,2025-10-02,10:26,18:36
Sarah Johnson,2025-10-03,10:03,18:38
Sarah Johnson,2025-10-04,,
Sarah Johnson,2025-10-05,,
Sarah Johnson,2025-10-06,10:30,18:41
Sarah Johnson,2025-10-07,10:09,18:03
Sarah Johnson,2025-10-08,10:31,18:26
Sarah Johnson,2025-10-09,10:39,19:14
Sarah Johnson,2025-10-10,10:38,18:29
Sarah Johnson,2025-10-11,10:00,14:00
Sarah Johnson,2025-10-12,,
Sarah Johnson,2025-10-13,10:00,18:06
Sarah Johnson,2025-10-14,10:29,18:24
Sarah Johnson,2025-10-15,10:25,18:04
Sarah Johnson,2025-10-16,10:34,18:41
Sarah Johnson,2025-10-17,10:13,18:30
Sarah Johnson,2025-10-18,10:00,14:00
Sarah Johnson,2025-10-19,,
Sarah Johnson,2025-10-20,10:24,18:05
Sarah Johnson,2025-10-21,10:21,18:34
Sarah Johnson,2025-10-22,10:36,18:24
Sarah Johnson,2025-10-23,10:26,18:44
Sarah Johnson,2025-10-24,,
Sarah Johnson,2025-10-25,,
Sarah Johnson,2025-10-26,,
Sarah Johnson,2025-10-27,10:14,18:07
Sarah Johnson,2025-10-28,10:40,17:59
Sarah Johnson,2025-10-29,10:44,18:10
Sarah Johnson,2025-10-30,10:33,18:16
Sarah Johnson,2025-10-31,10:19,18:15
Sarah Johnson,2025-11-01,,
Sarah Johnson,2025-11-02,,
Sarah Johnson,2025-11-03,10:33,19:00
Sarah Johnson,2025-11-04,10:38,18:13
Sarah Johnson,2025-11-05,10:31,18:17
Sarah Johnson,2025-11-06,10:06,18:17
Sarah Johnson,2025-11-07,10:28,18:34
Sarah Johnson,2025-11-08,,
Sarah Johnson,2025-11-09,,
Sarah Johnson,2025-11-10,10:44,17:55
Sarah Johnson,2025-11-11,10:34,18:20
Sarah Johnson,2025-11-12,10:00,18:36
Sarah Johnson,2025-11-13,10:43,18:08
Sarah Johnson,2025-11-14,10:21,19:09
Sarah Johnson,2025-11-15,10:00,14:00
Sarah Johnson,2025-11-16,,
Sarah Johnson,2025-11-17,10:01,18:43
Sarah Johnson,2025-11-18,10:24,19:03
Sarah Johnson,2025-11-19,10:17,17:44
Sarah Johnson,2025-11-20,10:21,18:28
Sarah Johnson,2025-11-21,,
Sarah Johnson,2025-11-22,,
Sarah Johnson,2025-11-23,,
Sarah Johnson,2025-11-24,10:19,18:12
Sarah Johnson,2025-11-25,10:08,18:30
Sarah Johnson,2025-11-26,10:34,18:08
Sarah Johnson,2025-11-27,10:20,18:32
Sarah Johnson,2025-11-28,10:28,18:20
Sarah Johnson,2025-11-29,10:00,14:00
Sarah Johnson,2025-11-30,,
Sarah Johnson,2025-12-01,10:21,18:19
Sarah Johnson,2025-12-02,10:00,18:42
Sarah Johnson,2025-12-03,10:36,18:25
Sarah Johnson,2025-12-04,10:40,18:21
Sarah Johnson,2025-12-05,10:27,18:09
Sarah Johnson,2025-12-06,10:00,14:00
Sarah Johnson,2025-12-07,,
Sarah Johnson,2025-12-08,10:35,18:12
Sarah Johnson,2025-12-09,10:06,18:13
Sarah Johnson,2025-12-10,10:40,18:01
Sarah Johnson,2025-12-11,10:02,18:11
Sarah Johnson,2025-12-12,10:21,18:00
Sarah Johnson,2025-12-13,10:00,14:00
Sarah Johnson,2025-12-14,,
Sarah Johnson,2025-12-15,10:34,19:22
Sarah Johnson,2025-12-16,10:01,18:24
Sarah Johnson,2025-12-17,10:42,19:10
Sarah Johnson,2025-12-18,10:22,18:05
Sarah Johnson,2025-12-19,10:09,18:27
Sarah Johnson,2025-12-20,10:00,14:00
Sarah Johnson,2025-12-21,,
Sarah Johnson,2025-12-22,10:17,18:07
Sarah Johnson,2025-12-23,10:21,18:43
Sarah Johnson,2025-12-24,10:22,18:21
Sarah Johnson,2025-12-25,10:13,18:18
Sarah Johnson,2025-12-26,10:39,19:18
Sarah Johnson,2025-12-27,10:00,14:00
Sarah Johnson,2025-12-28,,
Sarah Johnson,2025-12-29,10:15,18:18
Sarah Johnson,2025-12-30,10:08,18:17
Sarah Johnson,2025-12-31,10:01,18:20
Michael Chen,2024-01-01,10:28,18:09
Michael Chen,2024-01-02,10:34,17:38
Michael Chen,2024-01-03,10:07,18:35
Michael Chen,2024-01-04,10:37,18:40
Michael Chen,2024-01-05,10:16,18:20
Michael Chen,2024-01-06,10:00,14:00
Michael Chen,2024-01-07,,
Michael Chen,2024-01-08,10:10,18:17
Michael Chen,2024-01-09,,
Michael Chen,2024-01-10,10:42,18:10
Michael Chen,2024-01-11,10:29,18:43
Michael Chen,2024-01-12,10:12,18:05
Michael Chen,2024-01-13,10:00,14:00
Michael Chen,2024-01-14,,
Michael Chen,2024-01-15,10:15,18:13
Michael Chen,2024-01-16,10:30,18:10
Michael Chen,2024-01-17,10:40,18:00
Michael Chen,2024-01-18,10:01,19:22
Michael Chen,2024-01-19,10:44,18:27
Michael Chen,2024-01-20,10:00,14:00
Michael Chen,2024-01-21,,
Michael Chen,2024-01-22,10:25,18:00
Michael Chen,2024-01-23,10:16,18:21
Michael Chen,2024-01-24,10:33,18:18
Michael Chen,2024-01-25,10:04,18:09
Michael Chen,2024-01-26,10:06,18:33
Michael Chen,2024-01-27,,
Michael Chen,2024-01-28,,
Michael Chen,2024-01-29,10:09,18:35
Michael Chen,2024-01-30,10:19,18:38
Michael Chen,2024-01-31,10:18,18:13
Michael Chen,2024-02-01,10:11,18:18
Michael Chen,2024-02-02,10:10,18:17
Michael Chen,2024-02-03,,
Michael Chen,2024-02-04,,
Michael Chen,2024-02-05,10:06,18:36
Michael Chen,2024-02-06,10:09,18:03
Michael Chen,2024-02-07,10:27,18:41
Michael Chen,2024-02-08,10:26,18:39
Michael Chen,2024-02-09,10:05,18:20
Michael Chen,2024-02-10,,
Michael Chen,2024-02-11,,
Michael Chen,2024-02-12,10:43,18:21
Michael Chen,2024-02-13,10:28,18:10
Michael Chen,2024-02-14,10:38,18:36
Michael Chen,2024-02-15,10:32,18:09
Michael Chen,2024-02-16,10:01,18:25
Michael Chen,2024-02-17,10:00,14:00
Michael Chen,2024-02-18,,
Michael Chen,2024-02-19,10:05,18:09
Michael Chen,2024-02-20,10:27,18:34
Michael Chen,2024-02-21,10:12,19:07
Michael Chen,2024-02-22,10:29,18:33
Michael Chen,2024-02-23,10:15,18:32
Michael Chen,2024-02-24,10:00,14:00
Michael Chen,2024-02-25,,
Michael Chen,2024-02-26,10:07,18:21
Michael Chen,2024-02-27,10:34,19:07
Michael Chen,2024-02-28,10:17,19:17
Michael Chen,2024-02-29,10:02,18:26
Michael Chen,2024-03-01,,
Michael Chen,2024-03-02,,
Michael Chen,2024-03-03,,
Michael Chen,2024-03-04,10:18,18:13
Michael Chen,2024-03-05,10:22,18:14
Michael Chen,2024-03-06,10:36,18:33
Michael Chen,2024-03-07,,
Michael Chen,2024-03-08,10:08,18:39
Michael Chen,2024-03-09,10:00,14:00
Michael Chen,2024-03-10,,
Michael Chen,2024-03-11,10:41,17:30
Michael Chen,2024-03-12,10:09,18:13
Michael Chen,2024-03-13,10:19,18:18
Michael Chen,2024-03-14,10:16,18:32
Michael Chen,2024-03-15,10:02,18:25
Michael Chen,2024-03-16,10:00,14:00
Michael Chen,2024-03-17,,
Michael Chen,2024-03-18,10:26,18:20
Michael Chen,2024-03-19,10:31,18:21
Michael Chen,2024-03-20,10:05,18:06
Michael Chen,2024-03-21,10:41,18:15
Michael Chen,2024-03-22,,
Michael Chen,2024-03-23,,
Michael Chen,2024-03-24,,
Michael Chen,2024-03-25,10:30,18:37
Michael Chen,2024-03-26,10:06,18:15
Michael Chen,2024-03-27,10:10,18:03
Michael Chen,2024-03-28,10:39,18:03
Michael Chen,2024-03-29,10:17,17:59
Michael Chen,2024-03-30,,
Michael Chen,2024-03-31,,
Michael Chen,2024-04-01,10:41,18:05
Michael Chen,2024-04-02,10:29,18:29
Michael Chen,2024-04-03,10:37,18:36
Michael Chen,2024-04-04,10:34,18:13
Michael Chen,2024-04-05,10:33,18:11
Michael Chen,2024-04-06,10:00,14:00
Michael Chen,2024-04-07,,
Michael Chen,2024-04-08,10:10,18:34
Michael Chen,2024-04-09,10:33,18:13
Michael Chen,2024-04-10,10:22,18:20
Michael Chen,2024-04-11,10:34,18:31
Michael Chen,2024-04-12,10:19,18:30
Michael Chen,2024-04-13,10:00,14:00
Michael Chen,2024-04-14,,
Michael Chen,2024-04-15,10:15,18:21
Michael Chen,2024-04-16,10:00,18:26
Michael Chen,2024-04-17,10:21,18:13
Michael Chen,2024-04-18,10:15,18:17
Michael Chen,2024-04-19,10:20,18:44
Michael Chen,2024-04-20,,
Michael Chen,2024-04-21,,
Michael Chen,2024-04-22,10:42,18:38
Michael Chen,2024-04-23,,
Michael Chen,2024-04-24,10:17,18:41
Michael Chen,2024-04-25,10:37,18:36
Michael Chen,2024-04-26,10:16,18:29
Michael Chen,2024-04-27,,
Michael Chen,2024-04-28,,
Michael Chen,2024-04-29,10:27,18:04
Michael Chen,2024-04-30,10:22,18:28
Michael Chen,2024-05-01,10:03,18:43
Michael Chen,2024-05-02,10:12,18:33
Michael Chen,2024-05-03,10:04,18:08
Michael Chen,2024-05-04,10:00,14:00
Michael Chen,2024-05-05,,
Michael Chen,2024-05-06,10:37,18:08
Michael Chen,2024-05-07,10:11,18:11
Michael Chen,2024-05-08,10:26,18:42
Michael Chen,2024-05-09,10:10,18:16
Michael Chen,2024-05-10,10:01,19:12
Michael Chen,2024-05-11,,
Michael Chen,2024-05-12,,
Michael Chen,2024-05-13,10:42,18:31
Michael Chen,2024-05-14,10:32,18:17
Michael Chen,2024-05-15,10:23,18:44
Michael Chen,2024-05-16,,
Michael Chen,2024-05-17,10:17,18:08
Michael Chen,2024-05-18,,
Michael Chen,2024-05-19,,
Michael Chen,2024-05-20,10:38,19:00
Michael Chen,2024-05-21,10:19,18:02
Michael Chen,2024-05-22,10:19,19:09
Michael Chen,2024-05-23,10:24,18:41
Michael Chen,2024-05-24,10:40,18:17
Michael Chen,2024-05-25,,
Michael Chen,2024-05-26,,
Michael Chen,2024-05-27,10:37,18:01
Michael Chen,2024-05-28,10:02,18:33
Michael Chen,2024-05-29,10:09,18:05
Michael Chen,2024-05-30,10:27,18:09
Michael Chen,2024-05-31,10:18,17:43
Michael Chen,2024-06-01,10:00,14:00
Michael Chen,2024-06-02,,
Michael Chen,2024-06-03,10:14,18:25
Michael Chen,2024-06-04,10:04,18:09
Michael Chen,2024-06-05,10:30,18:41
Michael Chen,2024-06-06,10:03,18:28
Michael Chen,2024-06-07,10:37,18:39
Michael Chen,2024-06-08,,
Michael Chen,2024-06-09,,
Michael Chen,2024-06-10,10:08,18:21
Michael Chen,2024-06-11,10:05,18:18
Michael Chen,2024-06-12,10:21,18:39
Michael Chen,2024-06-13,10:01,18:30
Michael Chen,2024-06-14,10:07,18:41
Michael Chen,2024-06-15,,
Michael Chen,2024-06-16,,
Michael Chen,2024-06-17,10:24,18:23
Michael Chen,2024-06-18,10:37,18:21
Michael Chen,2024-06-19,10:05,18:21
Michael Chen,2024-06-20,10:05,18:24
Michael Chen,2024-06-21,10:12,18:27
Michael Chen,2024-06-22,10:00,14:00
Michael Chen,2024-06-23,,
Michael Chen,2024-06-24,10:36,18:20
Michael Chen,2024-06-25,10:38,18:36
Michael Chen,2024-06-26,10:34,18:39
Michael Chen,2024-06-27,10:05,18:06
Michael Chen,2024-06-28,10:32,18:18
Michael Chen,2024-06-29,,
Michael Chen,2024-06-30,,
Michael Chen,2024-07-01,10:10,18:29
Michael Chen,2024-07-02,10:29,18:41
Michael Chen,2024-07-03,10:18,18:00
Michael Chen,2024-07-04,10:17,18:06
Michael Chen,2024-07-05,10:04,18:21
Michael Chen,2024-07-06,,
Michael Chen,2024-07-07,,
Michael Chen,2024-07-08,10:27,18:43
Michael Chen,2024-07-09,10:37,18:41
Michael Chen,2024-07-10,,
Michael Chen,2024-07-11,10:29,17:46
Michael Chen,2024-07-12,10:09,17:58
Michael Chen,2024-07-13,,
Michael Chen,2024-07-14,,
Michael Chen,2024-07-15,10:17,18:44
Michael Chen,2024-07-16,10:38,18:06
Michael Chen,2024-07-17,10:32,18:02
Michael Chen,2024-07-18,10:43,18:41
Michael Chen,2024-07-19,10:28,18:44
Michael Chen,2024-07-20,10:00,14:00
Michael Chen,2024-07-21,,
Michael Chen,2024-07-22,10:42,19:03
Michael Chen,2024-07-23,10:32,18:30
Michael Chen,2024-07-24,10:31,18:05
Michael Chen,2024-07-25,10:28,18:20
Michael Chen,2024-07-26,10:25,19:10
Michael Chen,2024-07-27,10:00,14:00
Michael Chen,2024-07-28,,
Michael Chen,2024-07-29,10:06,18:19
Michael Chen,2024-07-30,10:34,18:28
Michael Chen,2024-07-31,10:14,18:00
Michael Chen,2024-08-01,10:44,18:23
Michael Chen,2024-08-02,10:35,18:25
Michael Chen,2024-08-03,,
Michael Chen,2024-08-04,,
Michael Chen,2024-08-05,10:36,18:06
Michael Chen,2024-08-06,10:00,18:32
Michael Chen,2024-08-07,10:10,18:44
Michael Chen,2024-08-08,10:10,18:23
Michael Chen,2024-08-09,10:20,18:43
Michael Chen,2024-08-10,,
Michael Chen,2024-08-11,,
Michael Chen,2024-08-12,10:17,18:36
Michael Chen,2024-08-13,10:28,18:18
Michael Chen,2024-08-14,10:05,18:24
Michael Chen,2024-08-15,10:31,19:25
Michael Chen,2024-08-16,10:26,17:56
Michael Chen,2024-08-17,10:00,14:00
Michael Chen,2024-08-18,,
Michael Chen,2024-08-19,10:37,18:08
Michael Chen,2024-08-20,10:21,18:41
Michael Chen,2024-08-21,10:14,18:38
Michael Chen,2024-08-22,,
Michael Chen,2024-08-23,10:35,18:19
Michael Chen,2024-08-24,10:00,14:00
Michael Chen,2024-08-25,,
Michael Chen,2024-08-26,,
Michael Chen,2024-08-27,10:15,18:40
Michael Chen,2024-08-28,10:13,19:12
Michael Chen,2024-08-29,10:15,18:21
Michael Chen,2024-08-30,10:38,18:33
Michael Chen,2024-08-31,,
Michael Chen,2024-09-01,,
Michael Chen,2024-09-02,10:25,18:19
Michael Chen,2024-09-03,10:27,18:19
Michael Chen,2024-09-04,10:01,18:18
Michael Chen,2024-09-05,10:00,18:06
Michael Chen,2024-09-06,10:08,18:27
Michael Chen,2024-09-07,,
Michael Chen,2024-09-08,,
Michael Chen,2024-09-09,10:01,18:05
Michael Chen,2024-09-10,10:11,18:13
Michael Chen,2024-09-11,10:21,18:21
Michael Chen,2024-09-12,10:22,18:20
Michael Chen,2024-09-13,10:09,18:04
Michael Chen,2024-09-14,10:00,14:00
Michael Chen,2024-09-15,,
Michael Chen,2024-09-16,10:25,18:21
Michael Chen,2024-09-17,10:07,18:08
Michael Chen,2024-09-18,10:21,17:55
Michael Chen,2024-09-19,10:27,18:34
Michael Chen,2024-09-20,10:24,18:14
Michael Chen,2024-09-21,10:00,14:00
Michael Chen,2024-09-22,,
Michael Chen,2024-09-23,10:19,18:23
Michael Chen,2024-09-24,10:20,18:36
Michael Chen,2024-09-25,10:11,18:27
Michael Chen,2024-09-26,10:10,18:30
Michael Chen,2024-09-27,10:15,18:39
Michael Chen,2024-09-28,,
Michael Chen,2024-09-29,,
Michael Chen,2024-09-30,10:10,18:40
Michael Chen,2024-10-01,10:31,18:10
Michael Chen,2024-10-02,10:25,18:20
Michael Chen,2024-10-03,10:12,19:00
Michael Chen,2024-10-04,10:34,19:10
Michael Chen,2024-10-05,10:00,14:00
Michael Chen,2024-10-06,,
Michael Chen,2024-10-07,10:39,18:14
Michael Chen,2024-10-08,10:24,18:17
Michael Chen,2024-10-09,10:08,18:44
Michael Chen,2024-10-10,10:36,18:15
Michael Chen,2024-10-11,10:39,18:40
Michael Chen,2024-10-12,,
Michael Chen,2024-10-13,,
Michael Chen,2024-10-14,10:23,18:08
Michael Chen,2024-10-15,10:14,18:13
Michael Chen,2024-10-16,10:16,18:06
Michael Chen,2024-10-17,10:40,18:14
Michael Chen,2024-10-18,10:16,18:00
Michael Chen,2024-10-19,,
Michael Chen,2024-10-20,,
Michael Chen,2024-10-21,10:15,18:42
Michael Chen,2024-10-22,10:28,17:41
Michael Chen,2024-10-23,10:19,18:00
Michael Chen,2024-10-24,10:15,18:20
Michael Chen,2024-10-25,10:22,18:19
Michael Chen,2024-10-26,10:00,14:00
Michael Chen,2024-10-27,,
Michael Chen,2024-10-28,10:31,18:09
Michael Chen,2024-10-29,,
Michael Chen,2024-10-30,10:29,18:07
Michael Chen,2024-10-31,10:02,18:01
Michael Chen,2024-11-01,10:16,18:32
Michael Chen,2024-11-02,,
Michael Chen,2024-11-03,,
Michael Chen,2024-11-04,10:13,18:01
Michael Chen,2024-11-05,10:16,17:37
Michael Chen,2024-11-06,10:29,19:03
Michael Chen,2024-11-07,10:44,18:20
Michael Chen,2024-11-08,10:17,17:37
Michael Chen,2024-11-09,,
Michael Chen,2024-11-10,,
Michael Chen,2024-11-11,10:33,17:42
Michael Chen,2024-11-12,10:00,18:20
Michael Chen,2024-11-13,10:28,18:32
Michael Chen,2024-11-14,10:31,18:09
Michael Chen,2024-11-15,10:30,18:41
Michael Chen,2024-11-16,10:00,14:00
Michael Chen,2024-11-17,,
Michael Chen,2024-11-18,10:39,18:24
Michael Chen,2024-11-19,10:15,18:37
Michael Chen,2024-11-20,10:34,18:40
Michael Chen,2024-11-21,10:41,18:30
Michael Chen,2024-11-22,10:25,18:29
Michael Chen,2024-11-23,10:00,14:00
Michael Chen,2024-11-24,,
Michael Chen,2024-11-25,10:15,19:00
Michael Chen,2024-11-26,10:07,18:29
Michael Chen,2024-11-27,10:15,18:20
Michael Chen,2024-11-28,10:09,18:35
Michael Chen,2024-11-29,,
Michael Chen,2024-11-30,,
Michael Chen,2024-12-01,,
Michael Chen,2024-12-02,10:29,18:15
Michael Chen,2024-12-03,10:19,18:30
Michael Chen,2024-12-04,10:26,18:21
Michael Chen,2024-12-05,10:38,18:42
Michael Chen,2024-12-06,10:07,18:44
Michael Chen,2024-12-07,,
Michael Chen,2024-12-08,,
Michael Chen,2024-12-09,10:29,18:03
Michael Chen,2024-12-10,10:28,18:16
Michael Chen,2024-12-11,10:24,18:16
Michael Chen,2024-12-12,10:35,18:01
Michael Chen,2024-12-13,10:05,17:36
Michael Chen,2024-12-14,10:00,14:00
Michael Chen,2024-12-15,,
Michael Chen,2024-12-16,10:16,18:29
Michael Chen,2024-12-17,10:33,19:24
Michael Chen,2024-12-18,10:41,18:01
Michael Chen,2024-12-19,10:33,18:35
Michael Chen,2024-12-20,10:11,18:01
Michael Chen,2024-12-21,10:00,14:00
Michael Chen,2024-12-22,,
Michael Chen,2024-12-23,10:35,18:27
Michael Chen,2024-12-24,10:19,18:24
Michael Chen,2024-12-25,10:35,18:32
Michael Chen,2024-12-26,10:41,18:28
Michael Chen,2024-12-27,10:33,18:37
Michael Chen,2024-12-28,10:00,14:00
Michael Chen,2024-12-29,,
Michael Chen,2024-12-30,10:37,19:05
Michael Chen,2024-12-31,10:18,18:01
Michael Chen,2025-01-01,10:27,18:24
Michael Chen,2025-01-02,10:23,18:35
Michael Chen,2025-01-03,10:14,18:38
Michael Chen,2025-01-04,,
Michael Chen,2025-01-05,,
Michael Chen,2025-01-06,,
Michael Chen,2025-01-07,10:14,18:18
Michael Chen,2025-01-08,10:09,17:53
Michael Chen,2025-01-09,10:15,18:21
Michael Chen,2025-01-10,10:25,18:42
Michael Chen,2025-01-11,,
Michael Chen,2025-01-12,,
Michael Chen,2025-01-13,10:05,18:09
Michael Chen,2025-01-14,10:26,18:27
Michael Chen,2025-01-15,10:32,18:00
Michael Chen,2025-01-16,10:19,18:39
Michael Chen,2025-01-17,10:28,18:09
Michael Chen,2025-01-18,,
Michael Chen,2025-01-19,,
Michael Chen,2025-01-20,10:30,18:01
Michael Chen,2025-01-21,10:25,18:08
Michael Chen,2025-01-22,10:05,18:03
Michael Chen,2025-01-23,10:31,18:40
Michael Chen,2025-01-24,10:38,18:22
Michael Chen,2025-01-25,10:00,14:00
Michael Chen,2025-01-26,,
Michael Chen,2025-01-27,10:36,18:28
Michael Chen,2025-01-28,10:36,18:24
Michael Chen,2025-01-29,10:26,18:36
Michael Chen,2025-01-30,10:06,17:56
Michael Chen,2025-01-31,10:09,18:30
Michael Chen,2025-02-01,,
Michael Chen,2025-02-02,,
Michael Chen,2025-02-03,10:11,18:23
Michael Chen,2025-02-04,10:24,19:06
Michael Chen,2025-02-05,10:32,18:03
Michael Chen,2025-02-06,10:35,18:33
Michael Chen,2025-02-07,10:22,18:44
Michael Chen,2025-02-08,,
Michael Chen,2025-02-09,,
Michael Chen,2025-02-10,10:16,18:08
Michael Chen,2025-02-11,10:26,18:05
Michael Chen,2025-02-12,10:10,18:02
Michael Chen,2025-02-13,10:23,18:33
Michael Chen,2025-02-14,10:24,18:44
Michael Chen,2025-02-15,,
Michael Chen,2025-02-16,,
Michael Chen,2025-02-17,10:28,18:23
Michael Chen,2025-02-18,10:10,17:35
Michael Chen,2025-02-19,10:40,18:18
Michael Chen,2025-02-20,10:19,18:27
Michael Chen,2025-02-21,10:34,18:37
Michael Chen,2025-02-22,,
Michael Chen,2025-02-23,,
Michael Chen,2025-02-24,10:30,18:39
Michael Chen,2025-02-25,10:18,18:34
Michael Chen,2025-02-26,10:11,18:03
Michael Chen,2025-02-27,10:28,18:09
Michael Chen,2025-02-28,10:40,18:07
Michael Chen,2025-03-01,,
Michael Chen,2025-03-02,,
Michael Chen,2025-03-03,10:16,18:09
Michael Chen,2025-03-04,10:43,19:17
Michael Chen,2025-03-05,10:41,18:24
Michael Chen,2025-03-06,10:26,18:26
Michael Chen,2025-03-07,10:33,18:20
Michael Chen,2025-03-08,,
Michael Chen,2025-03-09,,
Michael Chen,2025-03-10,10:36,19:26
Michael Chen,2025-03-11,10:11,18:40
Michael Chen,2025-03-12,10:02,18:20
Michael Chen,2025-03-13,10:43,18:38
Michael Chen,2025-03-14,10:34,18:21
Michael Chen,2025-03-15,,
Michael Chen,2025-03-16,,
Michael Chen,2025-03-17,10:32,18:35
Michael Chen,2025-03-18,10:13,18:26
Michael Chen,2025-03-19,,
Michael Chen,2025-03-20,10:26,18:20
Michael Chen,2025-03-21,10:15,18:13
Michael Chen,2025-03-22,,
Michael Chen,2025-03-23,,
Michael Chen,2025-03-24,10:21,18:44
Michael Chen,2025-03-25,10:09,18:13
Michael Chen,2025-03-26,10:23,18:02
Michael Chen,2025-03-27,10:21,18:38
Michael Chen,2025-03-28,10:28,18:10
Michael Chen,2025-03-29,,
Michael Chen,2025-03-30,,
Michael Chen,2025-03-31,10:24,18:44
Michael Chen,2025-04-01,10:17,18:12
Michael Chen,2025-04-02,10:43,18:11
Michael Chen,2025-04-03,10:02,19:11
Michael Chen,2025-04-04,10:38,18:04
Michael Chen,2025-04-05,,
Michael Chen,2025-04-06,,
Michael Chen,2025-04-07,10:42,18:42
Michael Chen,2025-04-08,10:16,18:37
Michael Chen,2025-04-09,10:37,18:25
Michael Chen,2025-04-10,10:41,18:18
Michael Chen,2025-04-11,10:08,18:40
Michael Chen,2025-04-12,10:00,14:00
Michael Chen,2025-04-13,,
Michael Chen,2025-04-14,10:11,18:08
Michael Chen,2025-04-15,,
Michael Chen,2025-04-16,10:24,18:21
Michael Chen,2025-04-17,10:23,18:07
Michael Chen,2025-04-18,10:35,18:01
Michael Chen,2025-04-19,10:00,14:00
Michael Chen,2025-04-20,,
Michael Chen,2025-04-21,10:02,18:40
Michael Chen,2025-04-22,10:38,18:28
Michael Chen,2025-04-23,10:22,18:29
Michael Chen,2025-04-24,10:02,18:21
Michael Chen,2025-04-25,10:38,18:14
Michael Chen,2025-04-26,10:00,14:00
Michael Chen,2025-04-27,,
Michael Chen,2025-04-28,10:26,18:18
Michael Chen,2025-04-29,10:04,18:30
Michael Chen,2025-04-30,10:31,18:35
Michael Chen,2025-05-01,10:42,18:11
Michael Chen,2025-05-02,10:20,18:32
Michael Chen,2025-05-03,,
Michael Chen,2025-05-04,,
Michael Chen,2025-05-05,10:03,18:00
Michael Chen,2025-05-06,10:41,18:37
Michael Chen,2025-05-07,10:31,17:39
Michael Chen,2025-05-08,10:24,18:44
Michael Chen,2025-05-09,10:15,19:14
Michael Chen,2025-05-10,10:00,14:00
Michael Chen,2025-05-11,,
Michael Chen,2025-05-12,10:08,18:36
Michael Chen,2025-05-13,10:26,18:00
Michael Chen,2025-05-14,10:15,19:05
Michael Chen,2025-05-15,10:41,18:23
Michael Chen,2025-05-16,10:29,18:38
Michael Chen,2025-05-17,10:00,14:00
Michael Chen,2025-05-18,,
Michael Chen,2025-05-19,10:02,18:22
Michael Chen,2025-05-20,10:43,18:01
Michael Chen,2025-05-21,10:07,18:18
Michael Chen,2025-05-22,10:36,18:10
Michael Chen,2025-05-23,,
Michael Chen,2025-05-24,,
Michael Chen,2025-05-25,,
Michael Chen,2025-05-26,10:29,18:01
Michael Chen,2025-05-27,10:20,18:11
Michael Chen,2025-05-28,10:25,18:13
Michael Chen,2025-05-29,10:11,18:05
Michael Chen,2025-05-30,10:05,18:22
Michael Chen,2025-05-31,,
Michael Chen,2025-06-01,,
Michael Chen,2025-06-02,10:24,18:38
Michael Chen,2025-06-03,10:41,18:25
Michael Chen,2025-06-04,10:27,18:11
Michael Chen,2025-06-05,10:28,18:24
Michael Chen,2025-06-06,10:42,18:18
Michael Chen,2025-06-07,,
Michael Chen,2025-06-08,,
Michael Chen,2025-06-09,10:38,19:02
Michael Chen,2025-06-10,10:40,18:23
Michael Chen,2025-06-11,,
Michael Chen,2025-06-12,10:16,19:04
Michael Chen,2025-06-13,10:41,18:30
Michael Chen,2025-06-14,10:00,14:00
Michael Chen,2025-06-15,,
Michael Chen,2025-06-16,10:16,18:41
Michael Chen,2025-06-17,10:18,18:00
Michael Chen,2025-06-18,10:34,18:16
Michael Chen,2025-06-19,10:27,18:29
Michael Chen,2025-06-20,,
Michael Chen,2025-06-21,,
Michael Chen,2025-06-22,,
Michael Chen,2025-06-23,10:39,18:26
Michael Chen,2025-06-24,10:11,18:42
Michael Chen,2025-06-25,10:18,18:39
Michael Chen,2025-06-26,10:42,18:06
Michael Chen,2025-06-27,10:43,18:41
Michael Chen,2025-06-28,10:00,14:00
Michael Chen,2025-06-29,,
Michael Chen,2025-06-30,10:32,19:21
Michael Chen,2025-07-01,10:07,18:04
Michael Chen,2025-07-02,10:22,18:33
Michael Chen,2025-07-03,10:13,18:40
Michael Chen,2025-07-04,10:36,18:37
Michael Chen,2025-07-05,,
Michael Chen,2025-07-06,,
Michael Chen,2025-07-07,10:41,18:22
Michael Chen,2025-07-08,10:40,18:26
Michael Chen,2025-07-09,10:33,18:10
Michael Chen,2025-07-10,10:40,18:04
Michael Chen,2025-07-11,10:07,18:19
Michael Chen,2025-07-12,,
Michael Chen,2025-07-13,,
Michael Chen,2025-07-14,10:17,18:42
Michael Chen,2025-07-15,10:20,18:29
Michael Chen,2025-07-16,10:30,19:04
Michael Chen,2025-07-17,10:39,18:41
Michael Chen,2025-07-18,10:28,18:09
Michael Chen,2025-07-19,10:00,14:00
Michael Chen,2025-07-20,,
Michael Chen,2025-07-21,10:05,18:34
Michael Chen,2025-07-22,10:28,18:10
Michael Chen,2025-07-23,10:28,18:36
Michael Chen,2025-07-24,10:32,18:03
Michael Chen,2025-07-25,10:24,18:19
Michael Chen,2025-07-26,,
Michael Chen,2025-07-27,,
Michael Chen,2025-07-28,10:08,18:00
Michael Chen,2025-07-29,10:43,18:37
Michael Chen,2025-07-30,10:28,18:03
Michael Chen,2025-07-31,10:10,18:36
Michael Chen,2025-08-01,10:17,18:22
Michael Chen,2025-08-02,,
Michael Chen,2025-08-03,,
Michael Chen,2025-08-04,10:37,18:09
Michael Chen,2025-08-05,10:28,18:10
Michael Chen,2025-08-06,10:36,18:37
Michael Chen,2025-08-07,10:18,18:25
Michael Chen,2025-08-08,10:29,18:38
Michael Chen,2025-08-09,10:00,14:00
Michael Chen,2025-08-10,,
Michael Chen,2025-08-11,10:21,18:29
Michael Chen,2025-08-12,10:13,18:09
Michael Chen,2025-08-13,10:13,18:26
Michael Chen,2025-08-14,10:00,18:43
Michael Chen,2025-08-15,10:30,18:04
Michael Chen,2025-08-16,,
Michael Chen,2025-08-17,,
Michael Chen,2025-08-18,10:28,18:14
Michael Chen,2025-08-19,10:03,18:13
Michael Chen,2025-08-20,10:29,18:03
Michael Chen,2025-08-21,10:12,18:19
Michael Chen,2025-08-22,10:42,18:33
Michael Chen,2025-08-23,10:00,14:00
Michael Chen,2025-08-24,,
Michael Chen,2025-08-25,10:35,18:17
Michael Chen,2025-08-26,10:19,18:15
Michael Chen,2025-08-27,10:38,18:42
Michael Chen,2025-08-28,10:37,18:17
Michael Chen,2025-08-29,10:21,18:00
Michael Chen,2025-08-30,10:00,14:00
Michael Chen,2025-08-31,,
Michael Chen,2025-09-01,10:07,18:19
Michael Chen,2025-09-02,10:38,18:01
Michael Chen,2025-09-03,10:40,18:34
Michael Chen,2025-09-04,10:26,18:24
Michael Chen,2025-09-05,10:35,18:05
Michael Chen,2025-09-06,10:00,14:00
Michael Chen,2025-09-07,,
Michael Chen,2025-09-08,10:38,18:15
Michael Chen,2025-09-09,10:37,18:41
Michael Chen,2025-09-10,10:37,18:43
Michael Chen,2025-09-11,10:10,18:00
Michael Chen,2025-09-12,10:11,18:43
Michael Chen,2025-09-13,10:00,14:00
Michael Chen,2025-09-14,,
Michael Chen,2025-09-15,10:19,18:05
Michael Chen,2025-09-16,10:03,18:32
Michael Chen,2025-09-17,10:22,18:08
Michael Chen,2025-09-18,10:40,18:15
Michael Chen,2025-09-19,10:25,18:39
Michael Chen,2025-09-20,,
Michael Chen,2025-09-21,,
Michael Chen,2025-09-22,10:01,18:42
Michael Chen,2025-09-23,10:38,18:24
Michael Chen,2025-09-24,10:03,18:22
Michael Chen,2025-09-25,10:02,18:05
Michael Chen,2025-09-26,10:06,18:36
Michael Chen,2025-09-27,,
Michael Chen,2025-09-28,,
Michael Chen,2025-09-29,10:43,18:42
Michael Chen,2025-09-30,10:41,18:35
Michael Chen,2025-10-01,10:41,18:34
Michael Chen,2025-10-02,10:14,18:35
Michael Chen,2025-10-03,10:29,18:31
Michael Chen,2025-10-04,10:00,14:00
Michael Chen,2025-10-05,,
Michael Chen,2025-10-06,10:18,18:16
Michael Chen,2025-10-07,10:05,18:32
Michael Chen,2025-10-08,10:02,19:07
Michael Chen,2025-10-09,10:35,17:51
Michael Chen,2025-10-10,10:07,19:16
Michael Chen,2025-10-11,,
Michael Chen,2025-10-12,,
Michael Chen,2025-10-13,10:34,18:19
Michael Chen,2025-10-14,10:02,18:01
Michael Chen,2025-10-15,10:17,18:28
Michael Chen,2025-10-16,10:12,18:00
Michael Chen,2025-10-17,10:23,18:39
Michael Chen,2025-10-18,10:00,14:00
Michael Chen,2025-10-19,,
Michael Chen,2025-10-20,10:23,18:20
Michael Chen,2025-10-21,10:35,18:16
Michael Chen,2025-10-22,10:08,18:04
Michael Chen,2025-10-23,10:42,18:12
Michael Chen,2025-10-24,10:35,18:24
Michael Chen,2025-10-25,,
Michael Chen,2025-10-26,,
Michael Chen,2025-10-27,10:40,18:42
Michael Chen,2025-10-28,,
Michael Chen,2025-10-29,10:27,18:43
Michael Chen,2025-10-30,10:43,18:39
Michael Chen,2025-10-31,10:17,18:17
Michael Chen,2025-11-01,,
Michael Chen,2025-11-02,,
Michael Chen,2025-11-03,10:24,18:37
Michael Chen,2025-11-04,10:38,18:15
Michael Chen,2025-11-05,10:34,18:00
Michael Chen,2025-11-06,10:32,18:32
Michael Chen,2025-11-07,10:20,18:11
Michael Chen,2025-11-08,10:00,14:00
Michael Chen,2025-11-09,,
Michael Chen,2025-11-10,10:33,18:18
Michael Chen,2025-11-11,10:35,18:12
Michael Chen,2025-11-12,10:26,18:36
Michael Chen,2025-11-13,,
Michael Chen,2025-11-14,10:06,18:12
Michael Chen,2025-11-15,,
Michael Chen,2025-11-16,,
Michael Chen,2025-11-17,10:12,18:31
Michael Chen,2025-11-18,10:43,18:32
Michael Chen,2025-11-19,10:29,18:33
Michael Chen,2025-11-20,10:37,18:32
Michael Chen,2025-11-21,10:06,18:44
Michael Chen,2025-11-22,,
Michael Chen,2025-11-23,,
Michael Chen,2025-11-24,10:26,18:15
Michael Chen,2025-11-25,10:09,18:31
Michael Chen,2025-11-26,10:17,18:17
Michael Chen,2025-11-27,10:18,18:08
Michael Chen,2025-11-28,10:40,18:20
Michael Chen,2025-11-29,,
Michael Chen,2025-11-30,,
Michael Chen,2025-12-01,10:09,18:17
Michael Chen,2025-12-02,10:19,18:12
Michael Chen,2025-12-03,10:32,18:04
Michael Chen,2025-12-04,10:04,18:42
Michael Chen,2025-12-05,10:23,18:39
Michael Chen,2025-12-06,,
Michael Chen,2025-12-07,,
Michael Chen,2025-12-08,10:37,18:39
Michael Chen,2025-12-09,10:03,18:24
Michael Chen,2025-12-10,10:20,18:05
Michael Chen,2025-12-11,10:34,18:02
Michael Chen,2025-12-12,,
Michael Chen,2025-12-13,,
Michael Chen,2025-12-14,,
Michael Chen,2025-12-15,10:15,18:42
Michael Chen,2025-12-16,10:04,19:27
Michael Chen,2025-12-17,10:01,18:11
Michael Chen,2025-12-18,10:28,18:31
Michael Chen,2025-12-19,10:19,18:20
Michael Chen,2025-12-20,10:00,14:00
Michael Chen,2025-12-21,,
Michael Chen,2025-12-22,10:12,18:06
Michael Chen,2025-12-23,10:20,18:17
Michael Chen,2025-12-24,,
Michael Chen,2025-12-25,,
Michael Chen,2025-12-26,10:23,19:18
Michael Chen,2025-12-27,,
Michael Chen,2025-12-28,,
Michael Chen,2025-12-29,10:21,18:38
Michael Chen,2025-12-30,10:02,18:28
Michael Chen,2025-12-31,10:28,19:01